SeqId,NussinovFolderFolding Tns,
seq_10_0,63995,
seq_10_1,93018,
seq_10_2,78213,
seq_10_3,71079,
seq_10_4,46021,
seq_10_5,40460,
seq_10_6,37740,
seq_10_7,41517,
seq_10_8,44506,
seq_10_9,40157,
seq_10_10,40148,
seq_10_11,39231,
seq_10_12,42733,
seq_10_13,37544,
seq_10_14,42641,
seq_10_15,30637,
seq_10_16,45490,
seq_10_17,52110,
seq_10_18,34900,
seq_10_19,47679,
seq_10_20,42223,
seq_10_21,43196,
seq_10_22,36520,
seq_10_23,39891,
seq_10_24,34182,
seq_10_25,44990,
seq_10_26,73095,
seq_10_27,43224,
seq_10_28,43045,
seq_10_29,47058,
seq_10_30,30178,
seq_10_31,41723,
seq_10_32,44410,
seq_10_33,82981,
seq_10_34,47148,
seq_10_35,42334,
seq_10_36,42218,
seq_10_37,41988,
seq_10_38,45802,
seq_10_39,44908,
seq_10_40,42226,
seq_10_41,41851,
seq_10_42,46734,
seq_10_43,44559,
seq_10_44,41043,
seq_10_45,46261,
seq_10_46,46006,
seq_10_47,42761,
seq_10_48,42988,
seq_10_49,43130,
seq_10_50,71726,
seq_10_51,51162,
seq_10_52,44640,
seq_10_53,42891,
seq_10_54,43698,
seq_10_55,48229,
seq_10_56,45027,
seq_10_57,46224,
seq_10_58,44077,
seq_10_59,46726,
seq_10_60,45017,
seq_10_61,44221,
seq_10_62,27928,
seq_10_63,28681,
seq_10_64,28248,
seq_10_65,34342,
seq_10_66,36818,
seq_10_67,34846,
seq_10_68,37519,
seq_10_69,36267,
seq_10_70,36749,
seq_10_71,35430,
seq_10_72,37474,
seq_10_73,34279,
seq_10_74,35818,
seq_10_75,35049,
seq_10_76,38178,
seq_10_77,33513,
seq_10_78,36016,
seq_10_79,35750,
seq_10_80,37563,
seq_10_81,30421,
seq_10_82,29471,
seq_10_83,34752,
seq_10_84,36352,
seq_10_85,39372,
seq_10_86,30294,
seq_10_87,31932,
seq_10_88,31487,
seq_10_89,36556,
seq_10_90,32585,
seq_10_91,35964,
seq_10_92,26971,
seq_10_93,35686,
seq_10_94,33617,
seq_10_95,26316,
seq_10_96,26197,
seq_10_97,26662,
seq_10_98,31757,
seq_10_99,50607,
seq_20_0,200642,
seq_20_1,173424,
seq_20_2,218889,
seq_20_3,202284,
seq_20_4,201959,
seq_20_5,187153,
seq_20_6,192831,
seq_20_7,199991,
seq_20_8,204210,
seq_20_9,199438,
seq_20_10,85785,
seq_20_11,67830,
seq_20_12,81407,
seq_20_13,83191,
seq_20_14,82337,
seq_20_15,81937,
seq_20_16,85402,
seq_20_17,81546,
seq_20_18,83016,
seq_20_19,83271,
seq_20_20,86304,
seq_20_21,99891,
seq_20_22,93422,
seq_20_23,82609,
seq_20_24,80567,
seq_20_25,251231,
seq_20_26,87370,
seq_20_27,83251,
seq_20_28,83847,
seq_20_29,80885,
seq_20_30,83220,
seq_20_31,80759,
seq_20_32,120224,
seq_20_33,79967,
seq_20_34,80138,
seq_20_35,80908,
seq_20_36,88637,
seq_20_37,107238,
seq_20_38,93005,
seq_20_39,54812,
seq_20_40,56426,
seq_20_41,55607,
seq_20_42,62485,
seq_20_43,55921,
seq_20_44,56673,
seq_20_45,82798,
seq_20_46,86750,
seq_20_47,97021,
seq_20_48,86050,
seq_20_49,89782,
seq_20_50,109154,
seq_20_51,86084,
seq_20_52,113909,
seq_20_53,109945,
seq_20_54,91946,
seq_20_55,583641,
seq_20_56,80128,
seq_20_57,86992,
seq_20_58,92241,
seq_20_59,81647,
seq_20_60,97030,
seq_20_61,57268,
seq_20_62,55400,
seq_20_63,83687,
seq_20_64,59202,
seq_20_65,91034,
seq_20_66,66813,
seq_20_67,55619,
seq_20_68,84982,
seq_20_69,82200,
seq_20_70,87634,
seq_20_71,55827,
seq_20_72,56458,
seq_20_73,62120,
seq_20_74,54651,
seq_20_75,58989,
seq_20_76,57595,
seq_20_77,58044,
seq_20_78,60302,
seq_20_79,57793,
seq_20_80,58861,
seq_20_81,58613,
seq_20_82,58631,
seq_20_83,110823,
seq_20_84,93367,
seq_20_85,56511,
seq_20_86,56289,
seq_20_87,56682,
seq_20_88,56298,
seq_20_89,61696,
seq_20_90,55730,
seq_20_91,86820,
seq_20_92,85289,
seq_20_93,90936,
seq_20_94,86784,
seq_20_95,77707,
seq_20_96,84084,
seq_20_97,85030,
seq_20_98,83822,
seq_20_99,84445,
seq_30_0,193281,
seq_30_1,195786,
seq_30_2,195804,
seq_30_3,295054,
seq_30_4,220162,
seq_30_5,222360,
seq_30_6,212921,
seq_30_7,195799,
seq_30_8,173900,
seq_30_9,169511,
seq_30_10,169770,
seq_30_11,184439,
seq_30_12,169914,
seq_30_13,179728,
seq_30_14,170118,
seq_30_15,168712,
seq_30_16,187712,
seq_30_17,450048,
seq_30_18,184468,
seq_30_19,248935,
seq_30_20,170808,
seq_30_21,233882,
seq_30_22,294542,
seq_30_23,300609,
seq_30_24,231371,
seq_30_25,265931,
seq_30_26,171973,
seq_30_27,237185,
seq_30_28,284591,
seq_30_29,296005,
seq_30_30,200532,
seq_30_31,265557,
seq_30_32,215731,
seq_30_33,229186,
seq_30_34,167941,
seq_30_35,238933,
seq_30_36,168582,
seq_30_37,240452,
seq_30_38,168907,
seq_30_39,241809,
seq_30_40,170636,
seq_30_41,224508,
seq_30_42,215477,
seq_30_43,268957,
seq_30_44,199610,
seq_30_45,378875,
seq_30_46,168354,
seq_30_47,370667,
seq_30_48,265988,
seq_30_49,336647,
seq_30_50,269306,
seq_30_51,349334,
seq_30_52,278394,
seq_30_53,347637,
seq_30_54,268654,
seq_30_55,334704,
seq_30_56,264897,
seq_30_57,603544,
seq_30_58,246999,
seq_30_59,269443,
seq_30_60,218261,
seq_30_61,274659,
seq_30_62,204068,
seq_30_63,271375,
seq_30_64,199466,
seq_30_65,247065,
seq_30_66,201340,
seq_30_67,264755,
seq_30_68,197771,
seq_30_69,269915,
seq_30_70,197469,
seq_30_71,272414,
seq_30_72,211695,
seq_30_73,220194,
seq_30_74,172330,
seq_30_75,250978,
seq_30_76,210348,
seq_30_77,278364,
seq_30_78,218949,
seq_30_79,293765,
seq_30_80,205748,
seq_30_81,260706,
seq_30_82,174262,
seq_30_83,245975,
seq_30_84,169059,
seq_30_85,234664,
seq_30_86,170395,
seq_30_87,243437,
seq_30_88,186256,
seq_30_89,272248,
seq_30_90,260786,
seq_30_91,342285,
seq_30_92,203323,
seq_30_93,269741,
seq_30_94,198414,
seq_30_95,264570,
seq_30_96,202424,
seq_30_97,249104,
seq_30_98,205858,
seq_30_99,258158,
seq_40_0,536566,
seq_40_1,461861,
seq_40_2,443558,
seq_40_3,433071,
seq_40_4,457023,
seq_40_5,406919,
seq_40_6,401309,
seq_40_7,414009,
seq_40_8,398456,
seq_40_9,413411,
seq_40_10,420524,
seq_40_11,415320,
seq_40_12,412790,
seq_40_13,401170,
seq_40_14,409086,
seq_40_15,405390,
seq_40_16,406791,
seq_40_17,424121,
seq_40_18,406698,
seq_40_19,404162,
seq_40_20,469786,
seq_40_21,453751,
seq_40_22,422885,
seq_40_23,417155,
seq_40_24,415066,
seq_40_25,416930,
seq_40_26,422595,
seq_40_27,408597,
seq_40_28,435369,
seq_40_29,455360,
seq_40_30,622960,
seq_40_31,622049,
seq_40_32,624988,
seq_40_33,636441,
seq_40_34,618126,
seq_40_35,636928,
seq_40_36,624217,
seq_40_37,849118,
seq_40_38,417743,
seq_40_39,422798,
seq_40_40,416790,
seq_40_41,415765,
seq_40_42,413063,
seq_40_43,421097,
seq_40_44,573291,
seq_40_45,624651,
seq_40_46,579389,
seq_40_47,488263,
seq_40_48,456317,
seq_40_49,410415,
seq_40_50,476007,
seq_40_51,423099,
seq_40_52,411610,
seq_40_53,460780,
seq_40_54,419492,
seq_40_55,460631,
seq_40_56,444902,
seq_40_57,437993,
seq_40_58,447238,
seq_40_59,444580,
seq_40_60,449909,
seq_40_61,452062,
seq_40_62,443775,
seq_40_63,445666,
seq_40_64,417210,
seq_40_65,667106,
seq_40_66,95061,
seq_40_67,94403,
seq_40_68,88244,
seq_40_69,88607,
seq_40_70,92143,
seq_40_71,116984,
seq_40_72,118872,
seq_40_73,67336,
seq_40_74,94860,
seq_40_75,85958,
seq_40_76,85281,
seq_40_77,83786,
seq_40_78,84477,
seq_40_79,88630,
seq_40_80,84837,
seq_40_81,88358,
seq_40_82,87868,
seq_40_83,92313,
seq_40_84,91339,
seq_40_85,95471,
seq_40_86,96066,
seq_40_87,91393,
seq_40_88,96083,
seq_40_89,100691,
seq_40_90,68508,
seq_40_91,71698,
seq_40_92,77712,
seq_40_93,71542,
seq_40_94,75386,
seq_40_95,72945,
seq_40_96,71407,
seq_40_97,74390,
seq_40_98,72724,
seq_40_99,77969,
seq_50_0,123381,
seq_50_1,120560,
seq_50_2,128894,
seq_50_3,128633,
seq_50_4,116499,
seq_50_5,194006,
seq_50_6,124886,
seq_50_7,161994,
seq_50_8,155337,
seq_50_9,157338,
seq_50_10,146044,
seq_50_11,158068,
seq_50_12,169503,
seq_50_13,166169,
seq_50_14,159569,
seq_50_15,149064,
seq_50_16,159634,
seq_50_17,161261,
seq_50_18,166320,
seq_50_19,160559,
seq_50_20,173239,
seq_50_21,158713,
seq_50_22,149309,
seq_50_23,150191,
seq_50_24,151713,
seq_50_25,163187,
seq_50_26,148917,
seq_50_27,156584,
seq_50_28,161180,
seq_50_29,145493,
seq_50_30,150413,
seq_50_31,137144,
seq_50_32,116722,
seq_50_33,121390,
seq_50_34,132852,
seq_50_35,132209,
seq_50_36,137021,
seq_50_37,122328,
seq_50_38,138317,
seq_50_39,142533,
seq_50_40,134270,
seq_50_41,139228,
seq_50_42,152312,
seq_50_43,152380,
seq_50_44,129913,
seq_50_45,134689,
seq_50_46,135724,
seq_50_47,127619,
seq_50_48,127324,
seq_50_49,134146,
seq_50_50,139783,
seq_50_51,123621,
seq_50_52,127638,
seq_50_53,121904,
seq_50_54,134885,
seq_50_55,143517,
seq_50_56,131335,
seq_50_57,125204,
seq_50_58,136467,
seq_50_59,140422,
seq_50_60,138659,
seq_50_61,122870,
seq_50_62,133594,
seq_50_63,131721,
seq_50_64,124963,
seq_50_65,127903,
seq_50_66,132302,
seq_50_67,137383,
seq_50_68,139801,
seq_50_69,124476,
seq_50_70,124254,
seq_50_71,138243,
seq_50_72,131449,
seq_50_73,130492,
seq_50_74,136197,
seq_50_75,128922,
seq_50_76,134895,
seq_50_77,152887,
seq_50_78,144195,
seq_50_79,132661,
seq_50_80,179262,
seq_50_81,153036,
seq_50_82,169468,
seq_50_83,135559,
seq_50_84,128278,
seq_50_85,118588,
seq_50_86,135335,
seq_50_87,128950,
seq_50_88,133006,
seq_50_89,139163,
seq_50_90,127681,
seq_50_91,129789,
seq_50_92,139617,
seq_50_93,124000,
seq_50_94,136561,
seq_50_95,137650,
seq_50_96,129289,
seq_50_97,130212,
seq_50_98,133485,
seq_50_99,134040,
seq_60_0,190572,
seq_60_1,200730,
seq_60_2,207067,
seq_60_3,200084,
seq_60_4,198241,
seq_60_5,192950,
seq_60_6,183968,
seq_60_7,206572,
seq_60_8,193245,
seq_60_9,194108,
seq_60_10,199890,
seq_60_11,189918,
seq_60_12,198170,
seq_60_13,205834,
seq_60_14,189557,
seq_60_15,206443,
seq_60_16,214700,
seq_60_17,188795,
seq_60_18,191348,
seq_60_19,196463,
seq_60_20,199832,
seq_60_21,190508,
seq_60_22,196500,
seq_60_23,204287,
seq_60_24,202083,
seq_60_25,207536,
seq_60_26,209284,
seq_60_27,188980,
seq_60_28,197410,
seq_60_29,205015,
seq_60_30,192612,
seq_60_31,183970,
seq_60_32,265160,
seq_60_33,205517,
seq_60_34,211898,
seq_60_35,218661,
seq_60_36,207158,
seq_60_37,197317,
seq_60_38,195586,
seq_60_39,206444,
seq_60_40,190350,
seq_60_41,196611,
seq_60_42,186636,
seq_60_43,192414,
seq_60_44,205004,
seq_60_45,213154,
seq_60_46,207605,
seq_60_47,197692,
seq_60_48,204836,
seq_60_49,192046,
seq_60_50,248918,
seq_60_51,239999,
seq_60_52,249708,
seq_60_53,234052,
seq_60_54,238312,
seq_60_55,255051,
seq_60_56,244576,
seq_60_57,248094,
seq_60_58,250075,
seq_60_59,239072,
seq_60_60,244731,
seq_60_61,264244,
seq_60_62,235364,
seq_60_63,212013,
seq_60_64,190560,
seq_60_65,181482,
seq_60_66,204729,
seq_60_67,198034,
seq_60_68,188794,
seq_60_69,208005,
seq_60_70,198278,
seq_60_71,199073,
seq_60_72,191197,
seq_60_73,202009,
seq_60_74,208345,
seq_60_75,200754,
seq_60_76,201241,
seq_60_77,210152,
seq_60_78,201901,
seq_60_79,194754,
seq_60_80,204590,
seq_60_81,215802,
seq_60_82,196903,
seq_60_83,202998,
seq_60_84,216283,
seq_60_85,234395,
seq_60_86,202592,
seq_60_87,242359,
seq_60_88,210620,
seq_60_89,204719,
seq_60_90,211429,
seq_60_91,203881,
seq_60_92,200543,
seq_60_93,198334,
seq_60_94,199184,
seq_60_95,197802,
seq_60_96,201429,
seq_60_97,207729,
seq_60_98,205081,
seq_60_99,208198,
seq_70_0,297720,
seq_70_1,281267,
seq_70_2,281214,
seq_70_3,284381,
seq_70_4,276703,
seq_70_5,279682,
seq_70_6,291757,
seq_70_7,279898,
seq_70_8,290860,
seq_70_9,298877,
seq_70_10,283005,
seq_70_11,279652,
seq_70_12,311303,
seq_70_13,299469,
seq_70_14,280954,
seq_70_15,278200,
seq_70_16,295271,
seq_70_17,275204,
seq_70_18,299714,
seq_70_19,298614,
seq_70_20,291373,
seq_70_21,284800,
seq_70_22,293502,
seq_70_23,282419,
seq_70_24,306954,
seq_70_25,289198,
seq_70_26,297066,
seq_70_27,279664,
seq_70_28,308634,
seq_70_29,312627,
seq_70_30,293785,
seq_70_31,301004,
seq_70_32,298999,
seq_70_33,298267,
seq_70_34,295386,
seq_70_35,302267,
seq_70_36,286391,
seq_70_37,298647,
seq_70_38,300550,
seq_70_39,281102,
seq_70_40,281556,
seq_70_41,330315,
seq_70_42,356801,
seq_70_43,369353,
seq_70_44,347907,
seq_70_45,366292,
seq_70_46,287740,
seq_70_47,297924,
seq_70_48,291079,
seq_70_49,288448,
seq_70_50,321654,
seq_70_51,272525,
seq_70_52,372875,
seq_70_53,383446,
seq_70_54,378981,
seq_70_55,385848,
seq_70_56,381920,
seq_70_57,368319,
seq_70_58,396424,
seq_70_59,419995,
seq_70_60,390100,
seq_70_61,296152,
seq_70_62,278006,
seq_70_63,293593,
seq_70_64,352095,
seq_70_65,298254,
seq_70_66,292994,
seq_70_67,292916,
seq_70_68,306127,
seq_70_69,284801,
seq_70_70,293414,
seq_70_71,274962,
seq_70_72,259102,
seq_70_73,284398,
seq_70_74,293086,
seq_70_75,285943,
seq_70_76,276447,
seq_70_77,291193,
seq_70_78,272729,
seq_70_79,262223,
seq_70_80,284376,
seq_70_81,281940,
seq_70_82,273085,
seq_70_83,275216,
seq_70_84,289438,
seq_70_85,282003,
seq_70_86,280347,
seq_70_87,297880,
seq_70_88,393533,
seq_70_89,310140,
seq_70_90,294570,
seq_70_91,281390,
seq_70_92,268594,
seq_70_93,272210,
seq_70_94,278595,
seq_70_95,282051,
seq_70_96,286467,
seq_70_97,297956,
seq_70_98,282814,
seq_70_99,276219,
seq_80_0,443153,
seq_80_1,385839,
seq_80_2,404861,
seq_80_3,381489,
seq_80_4,396192,
seq_80_5,386756,
seq_80_6,394959,
seq_80_7,390227,
seq_80_8,396480,
seq_80_9,449765,
seq_80_10,426070,
seq_80_11,417668,
seq_80_12,418099,
seq_80_13,408410,
seq_80_14,417714,
seq_80_15,409387,
seq_80_16,394292,
seq_80_17,409889,
seq_80_18,410882,
seq_80_19,415025,
seq_80_20,419218,
seq_80_21,414479,
seq_80_22,391651,
seq_80_23,408004,
seq_80_24,411638,
seq_80_25,398057,
seq_80_26,416991,
seq_80_27,409151,
seq_80_28,412004,
seq_80_29,429480,
seq_80_30,399807,
seq_80_31,423521,
seq_80_32,412243,
seq_80_33,416812,
seq_80_34,562027,
seq_80_35,558944,
seq_80_36,583304,
seq_80_37,578170,
seq_80_38,583720,
seq_80_39,578773,
seq_80_40,544109,
seq_80_41,537709,
seq_80_42,521553,
seq_80_43,410546,
seq_80_44,407323,
seq_80_45,394836,
seq_80_46,420062,
seq_80_47,423312,
seq_80_48,411245,
seq_80_49,416803,
seq_80_50,420314,
seq_80_51,413750,
seq_80_52,403554,
seq_80_53,408701,
seq_80_54,418477,
seq_80_55,401070,
seq_80_56,380301,
seq_80_57,392368,
seq_80_58,409868,
seq_80_59,399094,
seq_80_60,388082,
seq_80_61,395596,
seq_80_62,488815,
seq_80_63,590378,
seq_80_64,423447,
seq_80_65,403156,
seq_80_66,408217,
seq_80_67,414321,
seq_80_68,415016,
seq_80_69,426595,
seq_80_70,420560,
seq_80_71,424428,
seq_80_72,394858,
seq_80_73,408328,
seq_80_74,409162,
seq_80_75,405204,
seq_80_76,420743,
seq_80_77,419623,
seq_80_78,418584,
seq_80_79,415924,
seq_80_80,422995,
seq_80_81,420784,
seq_80_82,410551,
seq_80_83,433837,
seq_80_84,407078,
seq_80_85,416491,
seq_80_86,393293,
seq_80_87,427488,
seq_80_88,409569,
seq_80_89,408006,
seq_80_90,426845,
seq_80_91,402075,
seq_80_92,423472,
seq_80_93,403011,
seq_80_94,402572,
seq_80_95,423438,
seq_80_96,408460,
seq_80_97,412832,
seq_80_98,400442,
seq_80_99,402056,
seq_90_0,541316,
seq_90_1,560061,
seq_90_2,549979,
seq_90_3,543230,
seq_90_4,777420,
seq_90_5,747908,
seq_90_6,786425,
seq_90_7,773025,
seq_90_8,775460,
seq_90_9,819518,
seq_90_10,549280,
seq_90_11,545787,
seq_90_12,558076,
seq_90_13,571079,
seq_90_14,607881,
seq_90_15,781040,
seq_90_16,669067,
seq_90_17,575777,
seq_90_18,514238,
seq_90_19,525318,
seq_90_20,528484,
seq_90_21,537383,
seq_90_22,510398,
seq_90_23,558867,
seq_90_24,523008,
seq_90_25,536724,
seq_90_26,517262,
seq_90_27,535618,
seq_90_28,561487,
seq_90_29,535504,
seq_90_30,544777,
seq_90_31,499539,
seq_90_32,529174,
seq_90_33,534556,
seq_90_34,563299,
seq_90_35,545748,
seq_90_36,545682,
seq_90_37,573709,
seq_90_38,563058,
seq_90_39,561529,
seq_90_40,576652,
seq_90_41,572191,
seq_90_42,553801,
seq_90_43,567734,
seq_90_44,564173,
seq_90_45,539767,
seq_90_46,511916,
seq_90_47,561892,
seq_90_48,536503,
seq_90_49,503726,
seq_90_50,546188,
seq_90_51,540444,
seq_90_52,561651,
seq_90_53,550920,
seq_90_54,524309,
seq_90_55,544115,
seq_90_56,534845,
seq_90_57,539230,
seq_90_58,526857,
seq_90_59,754926,
seq_90_60,784197,
seq_90_61,803973,
seq_90_62,758313,
seq_90_63,761242,
seq_90_64,1310150,
seq_90_65,539364,
seq_90_66,567194,
seq_90_67,561555,
seq_90_68,535880,
seq_90_69,557867,
seq_90_70,522585,
seq_90_71,530980,
seq_90_72,534543,
seq_90_73,554819,
seq_90_74,530496,
seq_90_75,545151,
seq_90_76,538943,
seq_90_77,519296,
seq_90_78,549255,
seq_90_79,647747,
seq_90_80,599722,
seq_90_81,540076,
seq_90_82,522402,
seq_90_83,533646,
seq_90_84,560346,
seq_90_85,508560,
seq_90_86,540921,
seq_90_87,520485,
seq_90_88,526169,
seq_90_89,546592,
seq_90_90,562523,
seq_90_91,547720,
seq_90_92,556117,
seq_90_93,575369,
seq_90_94,527048,
seq_90_95,563354,
seq_90_96,606740,
seq_90_97,526286,
seq_90_98,547366,
seq_90_99,555136,
seq_100_0,737751,
seq_100_1,696171,
seq_100_2,768750,
seq_100_3,700925,
seq_100_4,724823,
seq_100_5,751469,
seq_100_6,708402,
seq_100_7,784296,
seq_100_8,747254,
seq_100_9,968607,
seq_100_10,988575,
seq_100_11,1040919,
seq_100_12,747333,
seq_100_13,717744,
seq_100_14,708175,
seq_100_15,721070,
seq_100_16,730765,
seq_100_17,720705,
seq_100_18,706700,
seq_100_19,759173,
seq_100_20,713558,
seq_100_21,694164,
seq_100_22,742355,
seq_100_23,920380,
seq_100_24,712419,
seq_100_25,726787,
seq_100_26,715796,
seq_100_27,719935,
seq_100_28,685171,
seq_100_29,726475,
seq_100_30,679965,
seq_100_31,718582,
seq_100_32,701570,
seq_100_33,720131,
seq_100_34,711898,
seq_100_35,711380,
seq_100_36,727090,
seq_100_37,749165,
seq_100_38,720764,
seq_100_39,725666,
seq_100_40,791633,
seq_100_41,726435,
seq_100_42,718301,
seq_100_43,712657,
seq_100_44,710531,
seq_100_45,692396,
seq_100_46,734220,
seq_100_47,713433,
seq_100_48,721000,
seq_100_49,724823,
seq_100_50,664345,
seq_100_51,750156,
seq_100_52,816796,
seq_100_53,741946,
seq_100_54,997385,
seq_100_55,980686,
seq_100_56,903193,
seq_100_57,710042,
seq_100_58,724860,
seq_100_59,722695,
seq_100_60,822839,
seq_100_61,786504,
seq_100_62,705736,
seq_100_63,766419,
seq_100_64,726574,
seq_100_65,726087,
seq_100_66,721933,
seq_100_67,713102,
seq_100_68,734677,
seq_100_69,1002564,
seq_100_70,804429,
seq_100_71,656102,
seq_100_72,735882,
seq_100_73,726971,
seq_100_74,748809,
seq_100_75,717320,
seq_100_76,739750,
seq_100_77,728461,
seq_100_78,749056,
seq_100_79,762875,
seq_100_80,760120,
seq_100_81,780299,
seq_100_82,733462,
seq_100_83,697989,
seq_100_84,697984,
seq_100_85,718153,
seq_100_86,705531,
seq_100_87,722688,
seq_100_88,698520,
seq_100_89,757907,
seq_100_90,737896,
seq_100_91,749809,
seq_100_92,830465,
seq_100_93,825088,
seq_100_94,712856,
seq_100_95,774594,
seq_100_96,753824,
seq_100_97,982668,
seq_100_98,989262,
seq_100_99,966053,
seq_110_0,921056,
seq_110_1,929207,
seq_110_2,944545,
seq_110_3,886332,
seq_110_4,989130,
seq_110_5,901837,
seq_110_6,1027027,
seq_110_7,941049,
seq_110_8,921332,
seq_110_9,947106,
seq_110_10,985743,
seq_110_11,890031,
seq_110_12,887666,
seq_110_13,959074,
seq_110_14,1114009,
seq_110_15,914284,
seq_110_16,947452,
seq_110_17,973896,
seq_110_18,915248,
seq_110_19,914631,
seq_110_20,948692,
seq_110_21,961244,
seq_110_22,887922,
seq_110_23,950452,
seq_110_24,923800,
seq_110_25,909797,
seq_110_26,936315,
seq_110_27,991678,
seq_110_28,961888,
seq_110_29,930880,
seq_110_30,973605,
seq_110_31,1283286,
seq_110_32,1239926,
seq_110_33,1353632,
seq_110_34,1335399,
seq_110_35,1689213,
seq_110_36,983665,
seq_110_37,930214,
seq_110_38,974752,
seq_110_39,920119,
seq_110_40,960285,
seq_110_41,1211251,
seq_110_42,1001735,
seq_110_43,922562,
seq_110_44,981724,
seq_110_45,911260,
seq_110_46,973755,
seq_110_47,959027,
seq_110_48,991504,
seq_110_49,952009,
seq_110_50,958119,
seq_110_51,953081,
seq_110_52,897018,
seq_110_53,940952,
seq_110_54,948225,
seq_110_55,944558,
seq_110_56,950307,
seq_110_57,935664,
seq_110_58,956331,
seq_110_59,899311,
seq_110_60,920346,
seq_110_61,951072,
seq_110_62,947811,
seq_110_63,926333,
seq_110_64,963246,
seq_110_65,1031998,
seq_110_66,921763,
seq_110_67,1364223,
seq_110_68,1367540,
seq_110_69,1410962,
seq_110_70,1016452,
seq_110_71,950693,
seq_110_72,952668,
seq_110_73,917286,
seq_110_74,922380,
seq_110_75,1028510,
seq_110_76,970533,
seq_110_77,902840,
seq_110_78,914910,
seq_110_79,1059980,
seq_110_80,918123,
seq_110_81,903380,
seq_110_82,967108,
seq_110_83,978756,
seq_110_84,957736,
seq_110_85,953590,
seq_110_86,1225969,
seq_110_87,891965,
seq_110_88,941337,
seq_110_89,966251,
seq_110_90,943195,
seq_110_91,928852,
seq_110_92,953001,
seq_110_93,916452,
seq_110_94,900227,
seq_110_95,942232,
seq_110_96,937298,
seq_110_97,905217,
seq_110_98,919063,
seq_110_99,923180,
seq_120_0,1128951,
seq_120_1,1220054,
seq_120_2,1246718,
seq_120_3,1652202,
seq_120_4,1655984,
seq_120_5,1238733,
seq_120_6,1185649,
seq_120_7,1180746,
seq_120_8,1127764,
seq_120_9,1161940,
seq_120_10,1225789,
seq_120_11,1202116,
seq_120_12,1166978,
seq_120_13,1177010,
seq_120_14,1276802,
seq_120_15,1193414,
seq_120_16,1171172,
seq_120_17,1175708,
seq_120_18,1089173,
seq_120_19,1257304,
seq_120_20,1147452,
seq_120_21,1189365,
seq_120_22,1187080,
seq_120_23,1192708,
seq_120_24,1124222,
seq_120_25,1132118,
seq_120_26,1115569,
seq_120_27,1167982,
seq_120_28,1244155,
seq_120_29,1202068,
seq_120_30,1143877,
seq_120_31,1269937,
seq_120_32,1232983,
seq_120_33,1626671,
seq_120_34,1474297,
seq_120_35,1210282,
seq_120_36,1215462,
seq_120_37,1184446,
seq_120_38,1230124,
seq_120_39,1359824,
seq_120_40,1188155,
seq_120_41,1215355,
seq_120_42,1167766,
seq_120_43,1163380,
seq_120_44,1154413,
seq_120_45,1211211,
seq_120_46,1152958,
seq_120_47,1122704,
seq_120_48,1198087,
seq_120_49,1156761,
seq_120_50,1221401,
seq_120_51,1160882,
seq_120_52,1147928,
seq_120_53,1187357,
seq_120_54,1121495,
seq_120_55,1138443,
seq_120_56,1155840,
seq_120_57,1212678,
seq_120_58,1233900,
seq_120_59,1146045,
seq_120_60,1360162,
seq_120_61,1181747,
seq_120_62,1173942,
seq_120_63,1172031,
seq_120_64,1166890,
seq_120_65,1510418,
seq_120_66,1144667,
seq_120_67,1196678,
seq_120_68,1182403,
seq_120_69,1198935,
seq_120_70,1197595,
seq_120_71,1181412,
seq_120_72,1207075,
seq_120_73,1163014,
seq_120_74,1197875,
seq_120_75,1173811,
seq_120_76,1243073,
seq_120_77,1280291,
seq_120_78,1149263,
seq_120_79,1202934,
seq_120_80,1142233,
seq_120_81,1170843,
seq_120_82,1117392,
seq_120_83,1130235,
seq_120_84,1127542,
seq_120_85,1162905,
seq_120_86,1225446,
seq_120_87,1160488,
seq_120_88,1190739,
seq_120_89,1100205,
seq_120_90,1184683,
seq_120_91,1199420,
seq_120_92,1530383,
seq_120_93,1764681,
seq_120_94,1889221,
seq_120_95,1217866,
seq_120_96,1186196,
seq_120_97,1191157,
seq_120_98,1136833,
seq_120_99,1105382,
seq_130_0,1728752,
seq_130_1,1476145,
seq_130_2,1368738,
seq_130_3,1454858,
seq_130_4,1453867,
seq_130_5,1437188,
seq_130_6,1430433,
seq_130_7,1513210,
seq_130_8,1417635,
seq_130_9,1442394,
seq_130_10,1438839,
seq_130_11,1483913,
seq_130_12,1445081,
seq_130_13,1497936,
seq_130_14,1460300,
seq_130_15,1413407,
seq_130_16,1450667,
seq_130_17,1461965,
seq_130_18,1951961,
seq_130_19,1920024,
seq_130_20,1559440,
seq_130_21,1532174,
seq_130_22,1463408,
seq_130_23,1432947,
seq_130_24,1362165,
seq_130_25,1409248,
seq_130_26,1459162,
seq_130_27,1419043,
seq_130_28,1457182,
seq_130_29,1462492,
seq_130_30,1701079,
seq_130_31,1406571,
seq_130_32,1482039,
seq_130_33,1459542,
seq_130_34,1425832,
seq_130_35,1433540,
seq_130_36,1393923,
seq_130_37,1415879,
seq_130_38,1476634,
seq_130_39,1503058,
seq_130_40,1502996,
seq_130_41,1441332,
seq_130_42,2197595,
seq_130_43,1466372,
seq_130_44,1395807,
seq_130_45,1451864,
seq_130_46,1429606,
seq_130_47,1471831,
seq_130_48,1448673,
seq_130_49,1440533,
seq_130_50,1678780,
seq_130_51,1393297,
seq_130_52,1439318,
seq_130_53,1452987,
seq_130_54,1431615,
seq_130_55,1444247,
seq_130_56,1427690,
seq_130_57,1374953,
seq_130_58,1437658,
seq_130_59,1530194,
seq_130_60,1489992,
seq_130_61,1414815,
seq_130_62,1433153,
seq_130_63,1540472,
seq_130_64,1419031,
seq_130_65,2119095,
seq_130_66,1721073,
seq_130_67,1448905,
seq_130_68,1474564,
seq_130_69,1591831,
seq_130_70,1584549,
seq_130_71,1459599,
seq_130_72,1495846,
seq_130_73,1424457,
seq_130_74,1418141,
seq_130_75,1489289,
seq_130_76,1432124,
seq_130_77,1444221,
seq_130_78,1441664,
seq_130_79,1462567,
seq_130_80,1456339,
seq_130_81,1413457,
seq_130_82,1399553,
seq_130_83,1469323,
seq_130_84,1450954,
seq_130_85,1435515,
seq_130_86,1450918,
seq_130_87,1537109,
seq_130_88,1374096,
seq_130_89,2167131,
seq_130_90,1449330,
seq_130_91,1359618,
seq_130_92,1483425,
seq_130_93,1428498,
seq_130_94,1403145,
seq_130_95,1463773,
seq_130_96,1486126,
seq_130_97,1462806,
seq_130_98,1451262,
seq_130_99,1487390,
seq_140_0,1891121,
seq_140_1,1784227,
seq_140_2,1737252,
seq_140_3,1923394,
seq_140_4,1820267,
seq_140_5,1822163,
seq_140_6,1792664,
seq_140_7,1755923,
seq_140_8,1837136,
seq_140_9,1821574,
seq_140_10,1763345,
seq_140_11,2285358,
seq_140_12,1756735,
seq_140_13,1797912,
seq_140_14,1775022,
seq_140_15,1704675,
seq_140_16,1915987,
seq_140_17,1873719,
seq_140_18,1795403,
seq_140_19,1873953,
seq_140_20,1775483,
seq_140_21,1810422,
seq_140_22,1767880,
seq_140_23,1751201,
seq_140_24,1841943,
seq_140_25,1765806,
seq_140_26,1788508,
seq_140_27,1755359,
seq_140_28,1928928,
seq_140_29,1690818,
seq_140_30,2584375,
seq_140_31,1834730,
seq_140_32,1686384,
seq_140_33,1982251,
seq_140_34,1766365,
seq_140_35,1735965,
seq_140_36,1758636,
seq_140_37,1764563,
seq_140_38,1750169,
seq_140_39,2108851,
seq_140_40,1868863,
seq_140_41,1751884,
seq_140_42,1732800,
seq_140_43,1866676,
seq_140_44,1786982,
seq_140_45,1846322,
seq_140_46,1806345,
seq_140_47,1835888,
seq_140_48,1853546,
seq_140_49,2676060,
seq_140_50,2565248,
seq_140_51,1846764,
seq_140_52,1793007,
seq_140_53,1733064,
seq_140_54,1775350,
seq_140_55,1876682,
seq_140_56,2566094,
seq_140_57,2517346,
seq_140_58,2546144,
seq_140_59,2602615,
seq_140_60,2388437,
seq_140_61,2530030,
seq_140_62,1872424,
seq_140_63,1850250,
seq_140_64,1832240,
seq_140_65,1855287,
seq_140_66,1760082,
seq_140_67,2560540,
seq_140_68,2631275,
seq_140_69,1904046,
seq_140_70,1953094,
seq_140_71,1871977,
seq_140_72,1895563,
seq_140_73,1847622,
seq_140_74,1785908,
seq_140_75,1754133,
seq_140_76,1651667,
seq_140_77,1780307,
seq_140_78,1845432,
seq_140_79,1820432,
seq_140_80,1823655,
seq_140_81,1812451,
seq_140_82,1834306,
seq_140_83,1736895,
seq_140_84,1790936,
seq_140_85,1824814,
seq_140_86,2108948,
seq_140_87,2579098,
seq_140_88,2611098,
seq_140_89,1830451,
seq_140_90,1870443,
seq_140_91,1764844,
seq_140_92,1841424,
seq_140_93,1780836,
seq_140_94,1828557,
seq_140_95,2152409,
seq_140_96,1811035,
seq_140_97,1716646,
seq_140_98,1763761,
seq_140_99,1871666,
seq_150_0,2106125,
seq_150_1,2252794,
seq_150_2,2206166,
seq_150_3,2151330,
seq_150_4,2178465,
seq_150_5,2186190,
seq_150_6,2218183,
seq_150_7,2975235,
seq_150_8,2548748,
seq_150_9,2190475,
seq_150_10,2272653,
seq_150_11,2163087,
seq_150_12,2173448,
seq_150_13,2204740,
seq_150_14,2206850,
seq_150_15,2133357,
seq_150_16,2225181,
seq_150_17,2234240,
seq_150_18,2229623,
seq_150_19,2110629,
seq_150_20,2152763,
seq_150_21,2278909,
seq_150_22,2292641,
seq_150_23,2147089,
seq_150_24,2973998,
seq_150_25,2866415,
seq_150_26,2195144,
seq_150_27,2174247,
seq_150_28,2145543,
seq_150_29,2159069,
seq_150_30,2430668,
seq_150_31,2155212,
seq_150_32,2165244,
seq_150_33,2301872,
seq_150_34,2040245,
seq_150_35,2178596,
seq_150_36,2144183,
seq_150_37,2103761,
seq_150_38,2083581,
seq_150_39,2178998,
seq_150_40,2185046,
seq_150_41,2086519,
seq_150_42,3066189,
seq_150_43,2215553,
seq_150_44,2352947,
seq_150_45,2123742,
seq_150_46,2149911,
seq_150_47,2186071,
seq_150_48,2001727,
seq_150_49,2205362,
seq_150_50,2238560,
seq_150_51,2278366,
seq_150_52,2048316,
seq_150_53,2125357,
seq_150_54,2171087,
seq_150_55,2176476,
seq_150_56,2190562,
seq_150_57,2161975,
seq_150_58,3314253,
seq_150_59,3211746,
seq_150_60,2280191,
seq_150_61,2205512,
seq_150_62,2122420,
seq_150_63,2268749,
seq_150_64,2164640,
seq_150_65,2423315,
seq_150_66,2185477,
seq_150_67,2214307,
seq_150_68,2134930,
seq_150_69,2202486,
seq_150_70,2120967,
seq_150_71,2196955,
seq_150_72,2173328,
seq_150_73,2203630,
seq_150_74,2231250,
seq_150_75,3260719,
seq_150_76,3325579,
seq_150_77,2186047,
seq_150_78,2446316,
seq_150_79,2169781,
seq_150_80,2235360,
seq_150_81,2205531,
seq_150_82,2190740,
seq_150_83,2115672,
seq_150_84,2193365,
seq_150_85,2118406,
seq_150_86,2148013,
seq_150_87,2189454,
seq_150_88,2136969,
seq_150_89,2209787,
seq_150_90,2217509,
seq_150_91,2764703,
seq_150_92,3187070,
seq_150_93,2494826,
seq_150_94,2173107,
seq_150_95,2115359,
seq_150_96,2198060,
seq_150_97,2169067,
seq_150_98,2141976,
seq_150_99,2567579,
seq_160_0,2544932,
seq_160_1,2647033,
seq_160_2,2633526,
seq_160_3,2689138,
seq_160_4,2663750,
seq_160_5,2607951,
seq_160_6,2685313,
seq_160_7,3137890,
seq_160_8,3490277,
seq_160_9,2573991,
seq_160_10,2734031,
seq_160_11,2718230,
seq_160_12,2538955,
seq_160_13,2563065,
seq_160_14,2731660,
seq_160_15,2727061,
seq_160_16,2764289,
seq_160_17,2587470,
seq_160_18,2569330,
seq_160_19,2648384,
seq_160_20,2677108,
seq_160_21,3766320,
seq_160_22,3231221,
seq_160_23,2481233,
seq_160_24,2608618,
seq_160_25,2682782,
seq_160_26,2700665,
seq_160_27,2633749,
seq_160_28,3011664,
seq_160_29,2553446,
seq_160_30,2596358,
seq_160_31,2589465,
seq_160_32,2672006,
seq_160_33,2656210,
seq_160_34,3156180,
seq_160_35,3689974,
seq_160_36,2990156,
seq_160_37,2722072,
seq_160_38,2579187,
seq_160_39,3103862,
seq_160_40,2687292,
seq_160_41,2677450,
seq_160_42,2610487,
seq_160_43,2567585,
seq_160_44,2644284,
seq_160_45,2459341,
seq_160_46,2670760,
seq_160_47,2642638,
seq_160_48,3424658,
seq_160_49,4256080,
seq_160_50,2978897,
seq_160_51,2614442,
seq_160_52,2514173,
seq_160_53,2594041,
seq_160_54,2611919,
seq_160_55,2628104,
seq_160_56,2976883,
seq_160_57,2761780,
seq_160_58,2588657,
seq_160_59,2473583,
seq_160_60,2608258,
seq_160_61,2605374,
seq_160_62,3121343,
seq_160_63,3702513,
seq_160_64,2968633,
seq_160_65,2557629,
seq_160_66,2559758,
seq_160_67,3214558,
seq_160_68,2645362,
seq_160_69,2651044,
seq_160_70,2564934,
seq_160_71,2688808,
seq_160_72,2604608,
seq_160_73,2506300,
seq_160_74,2514304,
seq_160_75,2475220,
seq_160_76,3534332,
seq_160_77,3904799,
seq_160_78,2985857,
seq_160_79,2512855,
seq_160_80,2576238,
seq_160_81,2597105,
seq_160_82,2577648,
seq_160_83,2714149,
seq_160_84,2616278,
seq_160_85,2622887,
seq_160_86,2644658,
seq_160_87,2593274,
seq_160_88,2835157,
seq_160_89,2593469,
seq_160_90,2679641,
seq_160_91,2539088,
seq_160_92,3421286,
seq_160_93,2644777,
seq_160_94,2565278,
seq_160_95,2618858,
seq_160_96,3082585,
seq_160_97,2567387,
seq_160_98,2491285,
seq_160_99,2529499,
seq_170_0,3161393,
seq_170_1,3111771,
seq_170_2,2977402,
seq_170_3,3162725,
seq_170_4,4659760,
seq_170_5,3451631,
seq_170_6,3341960,
seq_170_7,3107162,
seq_170_8,3147834,
seq_170_9,3181877,
seq_170_10,3200150,
seq_170_11,3075630,
seq_170_12,3213958,
seq_170_13,3055571,
seq_170_14,3014823,
seq_170_15,3633064,
seq_170_16,4388415,
seq_170_17,3122043,
seq_170_18,3216898,
seq_170_19,3144907,
seq_170_20,3104761,
seq_170_21,3499219,
seq_170_22,3047112,
seq_170_23,3036755,
seq_170_24,3056888,
seq_170_25,2948865,
seq_170_26,3089641,
seq_170_27,3793456,
seq_170_28,4113652,
seq_170_29,3105448,
seq_170_30,3177851,
seq_170_31,3473223,
seq_170_32,3035644,
seq_170_33,3045314,
seq_170_34,3195706,
seq_170_35,3113451,
seq_170_36,3134387,
seq_170_37,3059076,
seq_170_38,3155194,
seq_170_39,4470986,
seq_170_40,3704700,
seq_170_41,3078638,
seq_170_42,3088376,
seq_170_43,3042387,
seq_170_44,3057347,
seq_170_45,3391060,
seq_170_46,3240756,
seq_170_47,3078547,
seq_170_48,3356451,
seq_170_49,2980620,
seq_170_50,4052612,
seq_170_51,4570901,
seq_170_52,3096149,
seq_170_53,3098826,
seq_170_54,3484396,
seq_170_55,3165690,
seq_170_56,3098514,
seq_170_57,3100324,
seq_170_58,3118732,
seq_170_59,2914486,
seq_170_60,3192474,
seq_170_61,3071683,
seq_170_62,4372633,
seq_170_63,4277270,
seq_170_64,3119211,
seq_170_65,3131999,
seq_170_66,3171657,
seq_170_67,3135298,
seq_170_68,3565178,
seq_170_69,3148192,
seq_170_70,3035665,
seq_170_71,3043685,
seq_170_72,3088145,
seq_170_73,3126177,
seq_170_74,4781242,
seq_170_75,3965042,
seq_170_76,2934396,
seq_170_77,3328317,
seq_170_78,3235818,
seq_170_79,3054173,
seq_170_80,2887221,
seq_170_81,3157588,
seq_170_82,3123005,
seq_170_83,3030691,
seq_170_84,3272423,
seq_170_85,3113710,
seq_170_86,3056304,
seq_170_87,4402164,
seq_170_88,3065892,
seq_170_89,3114941,
seq_170_90,3056719,
seq_170_91,3084924,
seq_170_92,3474663,
seq_170_93,3167796,
seq_170_94,3170202,
seq_170_95,3000317,
seq_170_96,3324661,
seq_170_97,4344052,
seq_170_98,4655990,
seq_170_99,3605365,
seq_180_0,5924538,
seq_180_1,5262640,
seq_180_2,5357719,
seq_180_3,4453447,
seq_180_4,3681046,
seq_180_5,3573379,
seq_180_6,5090829,
seq_180_7,4805576,
seq_180_8,3655302,
seq_180_9,3986202,
seq_180_10,3647356,
seq_180_11,3853657,
seq_180_12,3431640,
seq_180_13,3633767,
seq_180_14,3632007,
seq_180_15,3662793,
seq_180_16,5185965,
seq_180_17,4617885,
seq_180_18,3597664,
seq_180_19,3911290,
seq_180_20,3537529,
seq_180_21,3533879,
seq_180_22,3719653,
seq_180_23,3788106,
seq_180_24,3560580,
seq_180_25,3678030,
seq_180_26,4771892,
seq_180_27,4683647,
seq_180_28,3693921,
seq_180_29,3687561,
seq_180_30,3607253,
seq_180_31,3941335,
seq_180_32,3657585,
seq_180_33,3503921,
seq_180_34,3740518,
seq_180_35,3661351,
seq_180_36,5242932,
seq_180_37,5793953,
seq_180_38,6428845,
seq_180_39,5374293,
seq_180_40,3992475,
seq_180_41,5336590,
seq_180_42,5788088,
seq_180_43,4746692,
seq_180_44,5486367,
seq_180_45,3777496,
seq_180_46,4306589,
seq_180_47,4850583,
seq_180_48,5062924,
seq_180_49,4391105,
seq_180_50,5391198,
seq_180_51,5644714,
seq_180_52,5758339,
seq_180_53,5401412,
seq_180_54,4544906,
seq_180_55,3797574,
seq_180_56,3488398,
seq_180_57,3674018,
seq_180_58,3564125,
seq_180_59,3481671,
seq_180_60,3633424,
seq_180_61,5216425,
seq_180_62,3740862,
seq_180_63,3618507,
seq_180_64,3557047,
seq_180_65,3519110,
seq_180_66,4273858,
seq_180_67,3718648,
seq_180_68,3717939,
seq_180_69,3601195,
seq_180_70,4118506,
seq_180_71,5174450,
seq_180_72,3691730,
seq_180_73,3469799,
seq_180_74,4353976,
seq_180_75,3679843,
seq_180_76,3661733,
seq_180_77,3552146,
seq_180_78,3662605,
seq_180_79,3586580,
seq_180_80,4962470,
seq_180_81,5778953,
seq_180_82,4571287,
seq_180_83,5690566,
seq_180_84,4644162,
seq_180_85,5227252,
seq_180_86,4188308,
seq_180_87,5307394,
seq_180_88,5455681,
seq_180_89,4682902,
seq_180_90,3774550,
seq_180_91,3874348,
seq_180_92,3830122,
seq_180_93,3433128,
seq_180_94,3723668,
seq_180_95,3683573,
seq_180_96,3721536,
seq_180_97,3898158,
seq_180_98,5462689,
seq_180_99,4246847,
seq_190_0,4444989,
seq_190_1,4141136,
seq_190_2,4467299,
seq_190_3,4120187,
seq_190_4,4286929,
seq_190_5,3895156,
seq_190_6,4357460,
seq_190_7,5427916,
seq_190_8,4243393,
seq_190_9,4412769,
seq_190_10,4489351,
seq_190_11,4421806,
seq_190_12,4227303,
seq_190_13,4412440,
seq_190_14,4655975,
seq_190_15,6277704,
seq_190_16,4532866,
seq_190_17,4265711,
seq_190_18,4370859,
seq_190_19,4381467,
seq_190_20,4047535,
seq_190_21,4247647,
seq_190_22,4417259,
seq_190_23,6495923,
seq_190_24,4532447,
seq_190_25,4173697,
seq_190_26,4218915,
seq_190_27,4532429,
seq_190_28,4294602,
seq_190_29,4318411,
seq_190_30,4312765,
seq_190_31,5215347,
seq_190_32,5252041,
seq_190_33,4588322,
seq_190_34,4590071,
seq_190_35,4349757,
seq_190_36,4202257,
seq_190_37,4196194,
seq_190_38,4261552,
seq_190_39,4695387,
seq_190_40,6486593,
seq_190_41,4370998,
seq_190_42,4074758,
seq_190_43,4225091,
seq_190_44,4252690,
seq_190_45,4274723,
seq_190_46,4078058,
seq_190_47,4319184,
seq_190_48,5127639,
seq_190_49,5114736,
seq_190_50,4678968,
seq_190_51,4329631,
seq_190_52,4241601,
seq_190_53,4384680,
seq_190_54,4272594,
seq_190_55,4354689,
seq_190_56,4962203,
seq_190_57,5192540,
seq_190_58,4864875,
seq_190_59,4247238,
seq_190_60,4361849,
seq_190_61,4550103,
seq_190_62,4170043,
seq_190_63,4228635,
seq_190_64,4520530,
seq_190_65,5272763,
seq_190_66,5211505,
seq_190_67,4237805,
seq_190_68,4348923,
seq_190_69,4019052,
seq_190_70,4564417,
seq_190_71,4492934,
seq_190_72,4160561,
seq_190_73,4178326,
seq_190_74,4495375,
seq_190_75,4484519,
seq_190_76,4205877,
seq_190_77,3997261,
seq_190_78,4122455,
seq_190_79,4511960,
seq_190_80,4288332,
seq_190_81,4053912,
seq_190_82,4451567,
seq_190_83,4314806,
seq_190_84,4265720,
seq_190_85,4171008,
seq_190_86,4653735,
seq_190_87,4428570,
seq_190_88,4281545,
seq_190_89,4241520,
seq_190_90,4351480,
seq_190_91,4184838,
seq_190_92,4371236,
seq_190_93,4498077,
seq_190_94,4339728,
seq_190_95,4290275,
seq_190_96,4237449,
seq_190_97,4264513,
seq_190_98,4310720,
seq_190_99,4152604,
seq_200_0,5840582,
seq_200_1,4972897,
seq_200_2,4981132,
seq_200_3,5083937,
seq_200_4,4953960,
seq_200_5,4956483,
seq_200_6,4921960,
seq_200_7,4941282,
seq_200_8,5159740,
seq_200_9,4886066,
seq_200_10,5317811,
seq_200_11,4743915,
seq_200_12,4936594,
seq_200_13,4979341,
seq_200_14,4894006,
seq_200_15,5208996,
seq_200_16,5014809,
seq_200_17,4946802,
seq_200_18,4818118,
seq_200_19,5209923,
seq_200_20,4987158,
seq_200_21,5020014,
seq_200_22,4991730,
seq_200_23,4941701,
seq_200_24,4784425,
seq_200_25,4962594,
seq_200_26,5460329,
seq_200_27,4958257,
seq_200_28,4835997,
seq_200_29,4952726,
seq_200_30,4732265,
seq_200_31,5210467,
seq_200_32,6076085,
seq_200_33,4886411,
seq_200_34,4809737,
seq_200_35,4921408,
seq_200_36,4848331,
seq_200_37,4869975,
seq_200_38,5046597,
seq_200_39,5135873,
seq_200_40,5037051,
seq_200_41,5074180,
seq_200_42,5384390,
seq_200_43,4824954,
seq_200_44,5020608,
seq_200_45,5107812,
seq_200_46,5221921,
seq_200_47,4821794,
seq_200_48,5249008,
seq_200_49,4973688,
seq_200_50,4984178,
seq_200_51,4862033,
seq_200_52,4955510,
seq_200_53,4894019,
seq_200_54,4848219,
seq_200_55,5169791,
seq_200_56,4917401,
seq_200_57,5257363,
seq_200_58,5047805,
seq_200_59,4962855,
seq_200_60,5128681,
seq_200_61,5072489,
seq_200_62,5075052,
seq_200_63,4781301,
seq_200_64,5049472,
seq_200_65,5128081,
seq_200_66,5039110,
seq_200_67,5061953,
seq_200_68,4913728,
seq_200_69,5171727,
seq_200_70,5344779,
seq_200_71,4834875,
seq_200_72,4937885,
seq_200_73,5112425,
seq_200_74,4872661,
seq_200_75,4801554,
seq_200_76,5143535,
seq_200_77,4890489,
seq_200_78,4967512,
seq_200_79,4934219,
seq_200_80,5362367,
seq_200_81,5036492,
seq_200_82,5094387,
seq_200_83,5148726,
seq_200_84,5169290,
seq_200_85,4822797,
seq_200_86,5113665,
seq_200_87,4751156,
seq_200_88,4688789,
seq_200_89,4867890,
seq_200_90,5016946,
seq_200_91,5173764,
seq_200_92,5262379,
seq_200_93,4874156,
seq_200_94,4867049,
seq_200_95,4969726,
seq_200_96,4945243,
seq_200_97,5014681,
seq_200_98,4847042,
seq_200_99,4968339,
seq_210_0,5712523,
seq_210_1,5696172,
seq_210_2,5976448,
seq_210_3,5648658,
seq_210_4,5736927,
seq_210_5,5723959,
seq_210_6,5661752,
seq_210_7,5760492,
seq_210_8,6091258,
seq_210_9,5720580,
seq_210_10,5514672,
seq_210_11,5812919,
seq_210_12,5690782,
seq_210_13,5924153,
seq_210_14,5663099,
seq_210_15,5600614,
seq_210_16,5822033,
seq_210_17,5447960,
seq_210_18,5660231,
seq_210_19,5762252,
seq_210_20,6001386,
seq_210_21,5693323,
seq_210_22,6198590,
seq_210_23,5553327,
seq_210_24,5474742,
seq_210_25,5704192,
seq_210_26,5814190,
seq_210_27,5973402,
seq_210_28,5809763,
seq_210_29,5576191,
seq_210_30,5854565,
seq_210_31,5783593,
seq_210_32,5646592,
seq_210_33,5699432,
seq_210_34,5801044,
seq_210_35,5618243,
seq_210_36,5551965,
seq_210_37,6294448,
seq_210_38,5567263,
seq_210_39,6406933,
seq_210_40,6156230,
seq_210_41,5589148,
seq_210_42,5617150,
seq_210_43,5735453,
seq_210_44,5961615,
seq_210_45,5661289,
seq_210_46,5874010,
seq_210_47,5798960,
seq_210_48,5522037,
seq_210_49,5465319,
seq_210_50,6066189,
seq_210_51,5728161,
seq_210_52,5702594,
seq_210_53,5593632,
seq_210_54,5898685,
seq_210_55,5753253,
seq_210_56,5871862,
seq_210_57,5806572,
seq_210_58,5974767,
seq_210_59,5562158,
seq_210_60,5370998,
seq_210_61,6330054,
seq_210_62,5645944,
seq_210_63,5523266,
seq_210_64,6003820,
seq_210_65,5678597,
seq_210_66,5616481,
seq_210_67,5981749,
seq_210_68,5962329,
seq_210_69,5654224,
seq_210_70,6171145,
seq_210_71,5742839,
seq_210_72,5759795,
seq_210_73,5726507,
seq_210_74,5952106,
seq_210_75,5857890,
seq_210_76,5690733,
seq_210_77,5687394,
seq_210_78,5763704,
seq_210_79,5564913,
seq_210_80,5696063,
seq_210_81,5890563,
seq_210_82,5531328,
seq_210_83,5670015,
seq_210_84,5675482,
seq_210_85,5732226,
seq_210_86,5642582,
seq_210_87,5596791,
seq_210_88,5797954,
seq_210_89,5778504,
seq_210_90,5846063,
seq_210_91,5496107,
seq_210_92,5726160,
seq_210_93,5680213,
seq_210_94,5925582,
seq_210_95,5894332,
seq_210_96,5721240,
seq_210_97,5559871,
seq_210_98,5485110,
seq_210_99,5554205,
seq_220_0,6654486,
seq_220_1,6876982,
seq_220_2,6321320,
seq_220_3,6927417,
seq_220_4,6296389,
seq_220_5,6522437,
seq_220_6,6499258,
seq_220_7,6502189,
seq_220_8,6845760,
seq_220_9,6274121,
seq_220_10,6530032,
seq_220_11,6631254,
seq_220_12,6592195,
seq_220_13,6664168,
seq_220_14,6139987,
seq_220_15,6507247,
seq_220_16,7239982,
seq_220_17,6374956,
seq_220_18,6766505,
seq_220_19,7264964,
seq_220_20,6458211,
seq_220_21,7048809,
seq_220_22,6287061,
seq_220_23,6696779,
seq_220_24,6637376,
seq_220_25,6616647,
seq_220_26,6770518,
seq_220_27,6315471,
seq_220_28,6361512,
seq_220_29,6475987,
seq_220_30,6627753,
seq_220_31,6864907,
seq_220_32,6548604,
seq_220_33,7166865,
seq_220_34,6625771,
seq_220_35,6767692,
seq_220_36,6839599,
seq_220_37,6466498,
seq_220_38,6528844,
seq_220_39,6147483,
seq_220_40,6531716,
seq_220_41,6638916,
seq_220_42,6406828,
seq_220_43,6660019,
seq_220_44,6591452,
seq_220_45,6762367,
seq_220_46,6271839,
seq_220_47,6625160,
seq_220_48,6795257,
seq_220_49,6659971,
seq_220_50,7029027,
seq_220_51,6321146,
seq_220_52,6678454,
seq_220_53,6222858,
seq_220_54,6483359,
seq_220_55,6773655,
seq_220_56,6419076,
seq_220_57,6136018,
seq_220_58,6079116,
seq_220_59,6370486,
seq_220_60,7553046,
seq_220_61,6821115,
seq_220_62,6248928,
seq_220_63,6837195,
seq_220_64,6331356,
seq_220_65,6431348,
seq_220_66,6735188,
seq_220_67,6541075,
seq_220_68,6665202,
seq_220_69,6572178,
seq_220_70,6505895,
seq_220_71,6455319,
seq_220_72,6999367,
seq_220_73,6224998,
seq_220_74,6385447,
seq_220_75,7189243,
seq_220_76,6347860,
seq_220_77,6314749,
seq_220_78,6605608,
seq_220_79,6521131,
seq_220_80,6726461,
seq_220_81,6363341,
seq_220_82,6462796,
seq_220_83,6382444,
seq_220_84,6960918,
seq_220_85,7008574,
seq_220_86,6369112,
seq_220_87,6195364,
seq_220_88,6614135,
seq_220_89,6450721,
seq_220_90,6593119,
seq_220_91,6354493,
seq_220_92,6565674,
seq_220_93,6595384,
seq_220_94,6492867,
seq_220_95,6579791,
seq_220_96,7005839,
seq_220_97,6827057,
seq_220_98,6342479,
seq_220_99,6575393,
seq_230_0,7443460,
seq_230_1,7592649,
seq_230_2,7635417,
seq_230_3,7437246,
seq_230_4,7719144,
seq_230_5,7190510,
seq_230_6,7209401,
seq_230_7,7841786,
seq_230_8,7248650,
seq_230_9,7438577,
seq_230_10,7184588,
seq_230_11,7114022,
seq_230_12,7543776,
seq_230_13,7910626,
seq_230_14,7169003,
seq_230_15,7641043,
seq_230_16,7444366,
seq_230_17,7041562,
seq_230_18,7536941,
seq_230_19,7413488,
seq_230_20,7582004,
seq_230_21,7265715,
seq_230_22,7581116,
seq_230_23,7445142,
seq_230_24,7665174,
seq_230_25,7211539,
seq_230_26,7388953,
seq_230_27,7463333,
seq_230_28,7801534,
seq_230_29,7363206,
seq_230_30,7487127,
seq_230_31,7152383,
seq_230_32,7370625,
seq_230_33,7517007,
seq_230_34,7630229,
seq_230_35,8086177,
seq_230_36,7432642,
seq_230_37,7428570,
seq_230_38,7491990,
seq_230_39,7521223,
seq_230_40,7344169,
seq_230_41,7713108,
seq_230_42,7295301,
seq_230_43,7383150,
seq_230_44,7724275,
seq_230_45,7404638,
seq_230_46,7720197,
seq_230_47,7151673,
seq_230_48,7417749,
seq_230_49,7611530,
seq_230_50,7794847,
seq_230_51,7538576,
seq_230_52,7592880,
seq_230_53,7169090,
seq_230_54,7169162,
seq_230_55,7559852,
seq_230_56,7311325,
seq_230_57,8070277,
seq_230_58,7266638,
seq_230_59,7428467,
seq_230_60,8068792,
seq_230_61,7591326,
seq_230_62,7554192,
seq_230_63,7246689,
seq_230_64,7168818,
seq_230_65,7462398,
seq_230_66,7929296,
seq_230_67,7271412,
seq_230_68,7739761,
seq_230_69,7694980,
seq_230_70,7183499,
seq_230_71,7537101,
seq_230_72,7722374,
seq_230_73,7312710,
seq_230_74,7318252,
seq_230_75,7472350,
seq_230_76,7695910,
seq_230_77,7273708,
seq_230_78,7100973,
seq_230_79,7300523,
seq_230_80,7392454,
seq_230_81,7710444,
seq_230_82,7439301,
seq_230_83,7494051,
seq_230_84,7347060,
seq_230_85,7517175,
seq_230_86,7304184,
seq_230_87,7972932,
seq_230_88,7259363,
seq_230_89,7445366,
seq_230_90,7490100,
seq_230_91,7627769,
seq_230_92,7582405,
seq_230_93,7313062,
seq_230_94,7881180,
seq_230_95,7497435,
seq_230_96,7232033,
seq_230_97,7921770,
seq_230_98,7441033,
seq_230_99,7283482,
seq_240_0,8488894,
seq_240_1,7866741,
seq_240_2,8763103,
seq_240_3,8552897,
seq_240_4,8263425,
seq_240_5,8159398,
seq_240_6,8403637,
seq_240_7,8570406,
seq_240_8,8766558,
seq_240_9,8404322,
seq_240_10,8489384,
seq_240_11,8786880,
seq_240_12,8778608,
seq_240_13,8185870,
seq_240_14,8423166,
seq_240_15,8427609,
seq_240_16,8724073,
seq_240_17,8017761,
seq_240_18,8869636,
seq_240_19,8135112,
seq_240_20,8420902,
seq_240_21,8279387,
seq_240_22,8616503,
seq_240_23,8182908,
seq_240_24,8516594,
seq_240_25,8290325,
seq_240_26,8595618,
seq_240_27,8378189,
seq_240_28,8751294,
seq_240_29,8054016,
seq_240_30,8698834,
seq_240_31,8541901,
seq_240_32,8691805,
seq_240_33,8317638,
seq_240_34,8402937,
seq_240_35,8426251,
seq_240_36,8573286,
seq_240_37,8378161,
seq_240_38,8315730,
seq_240_39,8184689,
seq_240_40,8882704,
seq_240_41,8389060,
seq_240_42,8327655,
seq_240_43,8190677,
seq_240_44,7902048,
seq_240_45,8643814,
seq_240_46,8426583,
seq_240_47,8986489,
seq_240_48,8489864,
seq_240_49,8252277,
seq_240_50,8509441,
seq_240_51,8506669,
seq_240_52,8735485,
seq_240_53,8322750,
seq_240_54,8163244,
seq_240_55,8846064,
seq_240_56,8528008,
seq_240_57,8392204,
seq_240_58,8582287,
seq_240_59,8380206,
seq_240_60,8427631,
seq_240_61,8529294,
seq_240_62,8739963,
seq_240_63,8027514,
seq_240_64,8713497,
seq_240_65,8424133,
seq_240_66,8693428,
seq_240_67,8264803,
seq_240_68,8491081,
seq_240_69,8705426,
seq_240_70,8529146,
seq_240_71,8345814,
seq_240_72,8492902,
seq_240_73,8037960,
seq_240_74,8311487,
seq_240_75,8349243,
seq_240_76,8530827,
seq_240_77,8526946,
seq_240_78,8678923,
seq_240_79,8547611,
seq_240_80,8435888,
seq_240_81,8257959,
seq_240_82,8458827,
seq_240_83,8614818,
seq_240_84,8494444,
seq_240_85,8707200,
seq_240_86,7998027,
seq_240_87,8229488,
seq_240_88,8857823,
seq_240_89,9100697,
seq_240_90,8675924,
seq_240_91,8286396,
seq_240_92,8506087,
seq_240_93,8633471,
seq_240_94,8883552,
seq_240_95,8550202,
seq_240_96,8318501,
seq_240_97,8804367,
seq_240_98,8535321,
seq_240_99,9182280,
seq_250_0,9569330,
seq_250_1,9556114,
seq_250_2,10194096,
seq_250_3,9551380,
seq_250_4,9162227,
seq_250_5,9263643,
seq_250_6,9208552,
seq_250_7,9939284,
seq_250_8,9506229,
seq_250_9,9597153,
seq_250_10,10973105,
seq_250_11,9652823,
seq_250_12,9680998,
seq_250_13,9285382,
seq_250_14,9592991,
seq_250_15,9226942,
seq_250_16,10401180,
seq_250_17,9543941,
seq_250_18,9611179,
seq_250_19,10044813,
seq_250_20,9573986,
seq_250_21,9540722,
seq_250_22,10204972,
seq_250_23,9441325,
seq_250_24,10208974,
seq_250_25,10032505,
seq_250_26,9384231,
seq_250_27,9203508,
seq_250_28,9831061,
seq_250_29,9610894,
seq_250_30,9579014,
seq_250_31,9920755,
seq_250_32,9073268,
seq_250_33,9452609,
seq_250_34,9703893,
seq_250_35,10259712,
seq_250_36,10109450,
seq_250_37,9711609,
seq_250_38,9560673,
seq_250_39,9459363,
seq_250_40,9504878,
seq_250_41,9293608,
seq_250_42,9717165,
seq_250_43,9557054,
seq_250_44,9430905,
seq_250_45,9856398,
seq_250_46,9492306,
seq_250_47,9427156,
seq_250_48,9814851,
seq_250_49,9408254,
seq_250_50,9709888,
seq_250_51,10260208,
seq_250_52,9348273,
seq_250_53,9594511,
seq_250_54,9361294,
seq_250_55,9685229,
seq_250_56,9874011,
seq_250_57,9276539,
seq_250_58,9719355,
seq_250_59,9406277,
seq_250_60,10175747,
seq_250_61,9545947,
seq_250_62,10554518,
seq_250_63,9785393,
seq_250_64,10002298,
seq_250_65,9850605,
seq_250_66,9558375,
seq_250_67,9650032,
seq_250_68,10535685,
seq_250_69,9486616,
seq_250_70,9506625,
seq_250_71,9882445,
seq_250_72,9528907,
seq_250_73,9802964,
seq_250_74,9671666,
seq_250_75,9946394,
seq_250_76,9408930,
seq_250_77,9435316,
seq_250_78,9652941,
seq_250_79,9400727,
seq_250_80,9739785,
seq_250_81,9719288,
seq_250_82,9860921,
seq_250_83,9584033,
seq_250_84,10376214,
seq_250_85,9827432,
seq_250_86,9601339,
seq_250_87,9550711,
seq_250_88,9301507,
seq_250_89,9568362,
seq_250_90,9667281,
seq_250_91,9681709,
seq_250_92,9880200,
seq_250_93,9493525,
seq_250_94,9452964,
seq_250_95,9599960,
seq_250_96,9649775,
seq_250_97,10224574,
seq_250_98,9189947,
seq_250_99,9810611,
seq_260_0,11444464,
seq_260_1,10525163,
seq_260_2,10236699,
seq_260_3,10380685,
seq_260_4,10845372,
seq_260_5,10848296,
seq_260_6,10679737,
seq_260_7,11315378,
seq_260_8,11049512,
seq_260_9,10543770,
seq_260_10,11165443,
seq_260_11,10758247,
seq_260_12,14393693,
seq_260_13,10544140,
seq_260_14,10286630,
seq_260_15,10812500,
seq_260_16,10167451,
seq_260_17,10207862,
seq_260_18,10677060,
seq_260_19,10735970,
seq_260_20,10743418,
seq_260_21,10606515,
seq_260_22,10525399,
seq_260_23,10866967,
seq_260_24,11045247,
seq_260_25,10561856,
seq_260_26,10757611,
seq_260_27,10551030,
seq_260_28,10283596,
seq_260_29,10391697,
seq_260_30,11326800,
seq_260_31,10772893,
seq_260_32,10390469,
seq_260_33,10223084,
seq_260_34,10731420,
seq_260_35,10819788,
seq_260_36,10591228,
seq_260_37,9996792,
seq_260_38,10785809,
seq_260_39,10973808,
seq_260_40,10410819,
seq_260_41,10070419,
seq_260_42,11663234,
seq_260_43,10939726,
seq_260_44,10264168,
seq_260_45,10659144,
seq_260_46,10692392,
seq_260_47,11035113,
seq_260_48,11063682,
seq_260_49,10190990,
seq_260_50,10947803,
seq_260_51,10853406,
seq_260_52,10495997,
seq_260_53,10386469,
seq_260_54,10630382,
seq_260_55,10767976,
seq_260_56,10479478,
seq_260_57,9956738,
seq_260_58,11071415,
seq_260_59,10412019,
seq_260_60,10767934,
seq_260_61,10727927,
seq_260_62,10668109,
seq_260_63,10470555,
seq_260_64,10837447,
seq_260_65,10150094,
seq_260_66,10607355,
seq_260_67,10684470,
seq_260_68,10515170,
seq_260_69,10520432,
seq_260_70,10534581,
seq_260_71,10753721,
seq_260_72,10310406,
seq_260_73,10613962,
seq_260_74,10868685,
seq_260_75,10388296,
seq_260_76,11005569,
seq_260_77,10692799,
seq_260_78,10668793,
seq_260_79,10872000,
seq_260_80,10369705,
seq_260_81,10537538,
seq_260_82,10751331,
seq_260_83,10845797,
seq_260_84,10443377,
seq_260_85,10728970,
seq_260_86,11449717,
seq_260_87,10559730,
seq_260_88,10495504,
seq_260_89,10231810,
seq_260_90,10828809,
seq_260_91,11731250,
seq_260_92,10441036,
seq_260_93,10462048,
seq_260_94,10888608,
seq_260_95,10846430,
seq_260_96,10430140,
seq_260_97,10690533,
seq_260_98,10939891,
seq_260_99,10496693,
seq_270_0,11525544,
seq_270_1,11224578,
seq_270_2,11978555,
seq_270_3,12615127,
seq_270_4,11510321,
seq_270_5,11271851,
seq_270_6,11802042,
seq_270_7,12742362,
seq_270_8,12061613,
seq_270_9,11479213,
seq_270_10,12041994,
seq_270_11,12344337,
seq_270_12,11779332,
seq_270_13,12501980,
seq_270_14,11996058,
seq_270_15,11467311,
seq_270_16,11873047,
seq_270_17,11935128,
seq_270_18,11810719,
seq_270_19,11451067,
seq_270_20,12100885,
seq_270_21,12307297,
seq_270_22,11668704,
seq_270_23,12040649,
seq_270_24,11778703,
seq_270_25,12291886,
seq_270_26,11865305,
seq_270_27,11680799,
seq_270_28,12223511,
seq_270_29,11994752,
seq_270_30,12660315,
seq_270_31,11916186,
seq_270_32,11922998,
seq_270_33,12096197,
seq_270_34,12386526,
seq_270_35,11561020,
seq_270_36,11753778,
seq_270_37,12565214,
seq_270_38,11759271,
seq_270_39,11876661,
seq_270_40,12107404,
seq_270_41,12502089,
seq_270_42,11582690,
seq_270_43,11672082,
seq_270_44,12105252,
seq_270_45,12163298,
seq_270_46,11691738,
seq_270_47,11388751,
seq_270_48,12505654,
seq_270_49,11758551,
seq_270_50,11318668,
seq_270_51,12534482,
seq_270_52,11942437,
seq_270_53,12149990,
seq_270_54,11533181,
seq_270_55,12206467,
seq_270_56,11494755,
seq_270_57,11890036,
seq_270_58,12375174,
seq_270_59,12369602,
seq_270_60,11403950,
seq_270_61,11725662,
seq_270_62,11978535,
seq_270_63,11554391,
seq_270_64,12005851,
seq_270_65,12245161,
seq_270_66,11674820,
seq_270_67,11825285,
seq_270_68,11968234,
seq_270_69,11921416,
seq_270_70,11783374,
seq_270_71,11549872,
seq_270_72,12253205,
seq_270_73,12062201,
seq_270_74,11864225,
seq_270_75,11766990,
seq_270_76,12124643,
seq_270_77,11971789,
seq_270_78,11952658,
seq_270_79,12515264,
seq_270_80,12252849,
seq_270_81,12314046,
seq_270_82,11494791,
seq_270_83,11708920,
seq_270_84,12315771,
seq_270_85,12158350,
seq_270_86,12291227,
seq_270_87,12004472,
seq_270_88,11632907,
seq_270_89,12591260,
seq_270_90,11845646,
seq_270_91,11500416,
seq_270_92,11339922,
seq_270_93,12400349,
seq_270_94,11813542,
seq_270_95,11986412,
seq_270_96,11555285,
seq_270_97,11840777,
seq_270_98,11617574,
seq_270_99,11762148,
seq_280_0,14031990,
seq_280_1,13635165,
seq_280_2,12992432,
seq_280_3,12608372,
seq_280_4,13424308,
seq_280_5,13464010,
seq_280_6,13227189,
seq_280_7,13734701,
seq_280_8,12965953,
seq_280_9,12767298,
seq_280_10,13422372,
seq_280_11,13059931,
seq_280_12,13454448,
seq_280_13,13622927,
seq_280_14,13076442,
seq_280_15,13754152,
seq_280_16,13459752,
seq_280_17,12800737,
seq_280_18,13391769,
seq_280_19,13438945,
seq_280_20,13160147,
seq_280_21,13898252,
seq_280_22,13446345,
seq_280_23,13208780,
seq_280_24,13767601,
seq_280_25,13719263,
seq_280_26,12891364,
seq_280_27,13898367,
seq_280_28,12634338,
seq_280_29,12809112,
seq_280_30,13580666,
seq_280_31,13840445,
seq_280_32,13325157,
seq_280_33,12962475,
seq_280_34,13327303,
seq_280_35,13403926,
seq_280_36,13230486,
seq_280_37,13025641,
seq_280_38,13693566,
seq_280_39,13429447,
seq_280_40,13364206,
seq_280_41,14417983,
seq_280_42,14905617,
seq_280_43,13290814,
seq_280_44,13244749,
seq_280_45,13678653,
seq_280_46,13205130,
seq_280_47,13079141,
seq_280_48,12865220,
seq_280_49,13133526,
seq_280_50,12822821,
seq_280_51,14006536,
seq_280_52,13221474,
seq_280_53,13318542,
seq_280_54,13333616,
seq_280_55,12854193,
seq_280_56,13652709,
seq_280_57,13212830,
seq_280_58,13266868,
seq_280_59,13488319,
seq_280_60,13311926,
seq_280_61,13606212,
seq_280_62,12729072,
seq_280_63,13171802,
seq_280_64,13835975,
seq_280_65,12862563,
seq_280_66,13226281,
seq_280_67,13335733,
seq_280_68,14149623,
seq_280_69,13183689,
seq_280_70,13385884,
seq_280_71,13436551,
seq_280_72,13748444,
seq_280_73,13450700,
seq_280_74,13105892,
seq_280_75,13319813,
seq_280_76,13368269,
seq_280_77,13161919,
seq_280_78,13647007,
seq_280_79,13104982,
seq_280_80,13255695,
seq_280_81,13452468,
seq_280_82,13568134,
seq_280_83,12843413,
seq_280_84,13362723,
seq_280_85,12926333,
seq_280_86,13074359,
seq_280_87,13406980,
seq_280_88,14030124,
seq_280_89,13391915,
seq_280_90,14158648,
seq_280_91,13289600,
seq_280_92,12830528,
seq_280_93,13328433,
seq_280_94,13499942,
seq_280_95,12882291,
seq_280_96,14167819,
seq_280_97,13225627,
seq_280_98,13201941,
seq_280_99,13364328,
seq_290_0,14458197,
seq_290_1,14024717,
seq_290_2,14751852,
seq_290_3,14232028,
seq_290_4,14313261,
seq_290_5,15217892,
seq_290_6,14900517,
seq_290_7,14525737,
seq_290_8,14803373,
seq_290_9,14679469,
seq_290_10,15286293,
seq_290_11,15623421,
seq_290_12,14314492,
seq_290_13,14782375,
seq_290_14,15238670,
seq_290_15,14749366,
seq_290_16,14521994,
seq_290_17,15079845,
seq_290_18,14703119,
seq_290_19,14691003,
seq_290_20,17720498,
seq_290_21,16720642,
seq_290_22,16877278,
seq_290_23,14229936,
seq_290_24,14529754,
seq_290_25,15567916,
seq_290_26,14598571,
seq_290_27,15390768,
seq_290_28,15165763,
seq_290_29,14822698,
seq_290_30,14231020,
seq_290_31,15168181,
seq_290_32,14543568,
seq_290_33,14992474,
seq_290_34,15325704,
seq_290_35,14215796,
seq_290_36,14855717,
seq_290_37,14676304,
seq_290_38,15425698,
seq_290_39,15227468,
seq_290_40,14541051,
seq_290_41,14290366,
seq_290_42,15449449,
seq_290_43,14286728,
seq_290_44,14176753,
seq_290_45,14652278,
seq_290_46,14440219,
seq_290_47,14773887,
seq_290_48,14822795,
seq_290_49,14794550,
seq_290_50,15242826,
seq_290_51,15232994,
seq_290_52,14454370,
seq_290_53,15059826,
seq_290_54,14785395,
seq_290_55,14353194,
seq_290_56,14619168,
seq_290_57,15225413,
seq_290_58,14635200,
seq_290_59,14429219,
seq_290_60,15260581,
seq_290_61,14533233,
seq_290_62,14254455,
seq_290_63,14574397,
seq_290_64,14949780,
seq_290_65,14606421,
seq_290_66,14862723,
seq_290_67,14871085,
seq_290_68,15130684,
seq_290_69,15287178,
seq_290_70,15097884,
seq_290_71,14759719,
seq_290_72,15019457,
seq_290_73,14465211,
seq_290_74,14158698,
seq_290_75,15176358,
seq_290_76,14637853,
seq_290_77,14452228,
seq_290_78,15506425,
seq_290_79,14937819,
seq_290_80,14557439,
seq_290_81,14823194,
seq_290_82,14513643,
seq_290_83,14284563,
seq_290_84,14645250,
seq_290_85,15463349,
seq_290_86,15241278,
seq_290_87,14957125,
seq_290_88,15066560,
seq_290_89,14018213,
seq_290_90,15248355,
seq_290_91,14587178,
seq_290_92,14316003,
seq_290_93,14629040,
seq_290_94,14569594,
seq_290_95,15373889,
seq_290_96,14885073,
seq_290_97,15347827,
seq_290_98,14731561,
seq_290_99,15318830,
seq_300_0,16550685,
seq_300_1,16292619,
seq_300_2,17088258,
seq_300_3,16566584,
seq_300_4,15871937,
seq_300_5,17629789,
seq_300_6,15776449,
seq_300_7,16379771,
seq_300_8,16984044,
seq_300_9,18728112,
seq_300_10,16681454,
seq_300_11,16192623,
seq_300_12,16170095,
seq_300_13,16455301,
seq_300_14,16173421,
seq_300_15,16186468,
seq_300_16,16209329,
seq_300_17,16190428,
seq_300_18,15856475,
seq_300_19,16265340,
seq_300_20,17434514,
seq_300_21,15833341,
seq_300_22,16793008,
seq_300_23,16313929,
seq_300_24,15971465,
seq_300_25,16736165,
seq_300_26,16375884,
seq_300_27,16846205,
seq_300_28,16696766,
seq_300_29,16026320,
seq_300_30,15537019,
seq_300_31,16764093,
seq_300_32,16354722,
seq_300_33,16282034,
seq_300_34,16928600,
seq_300_35,16217318,
seq_300_36,16436508,
seq_300_37,16270575,
seq_300_38,18080561,
seq_300_39,17291425,
seq_300_40,16887063,
seq_300_41,15729431,
seq_300_42,16573906,
seq_300_43,16869590,
seq_300_44,16225195,
seq_300_45,16641474,
seq_300_46,15873541,
seq_300_47,15957639,
seq_300_48,16359640,
seq_300_49,16574701,
seq_300_50,15434502,
seq_300_51,16381079,
seq_300_52,16565494,
seq_300_53,16063986,
seq_300_54,16508598,
seq_300_55,16770277,
seq_300_56,16786125,
seq_300_57,16532538,
seq_300_58,15571771,
seq_300_59,16110801,
seq_300_60,16951109,
seq_300_61,16105908,
seq_300_62,15811897,
seq_300_63,16736688,
seq_300_64,16215144,
seq_300_65,16319062,
seq_300_66,16412716,
seq_300_67,15888319,
seq_300_68,17444948,
seq_300_69,17679313,
seq_300_70,15968315,
seq_300_71,15990140,
seq_300_72,17723724,
seq_300_73,15530771,
seq_300_74,15581580,
seq_300_75,16978633,
seq_300_76,15767077,
seq_300_77,15494761,
seq_300_78,17584897,
seq_300_79,15424106,
seq_300_80,15582572,
seq_300_81,16436859,
seq_300_82,15689241,
seq_300_83,15947928,
seq_300_84,16427254,
seq_300_85,16476312,
seq_300_86,16139640,
seq_300_87,16512542,
seq_300_88,16443862,
seq_300_89,16666646,
seq_300_90,15418027,
seq_300_91,16490693,
seq_300_92,15870662,
seq_300_93,16345870,
seq_300_94,16010139,
seq_300_95,15455727,
seq_300_96,15598835,
seq_300_97,16318947,
seq_300_98,17399302,
seq_300_99,16695960,
seq_310_0,18506201,
seq_310_1,17594506,
seq_310_2,18602486,
seq_310_3,17872910,
seq_310_4,18539528,
seq_310_5,17603710,
seq_310_6,17690689,
seq_310_7,17558460,
seq_310_8,17914755,
seq_310_9,18299713,
seq_310_10,18159586,
seq_310_11,17482574,
seq_310_12,17427689,
seq_310_13,17139860,
seq_310_14,17794738,
seq_310_15,18451763,
seq_310_16,17525621,
seq_310_17,18037521,
seq_310_18,17828648,
seq_310_19,18200651,
seq_310_20,17433276,
seq_310_21,17611180,
seq_310_22,18214097,
seq_310_23,18675290,
seq_310_24,17340804,
seq_310_25,17809056,
seq_310_26,18548015,
seq_310_27,18627478,
seq_310_28,18251313,
seq_310_29,18546494,
seq_310_30,17667458,
seq_310_31,17650517,
seq_310_32,19173038,
seq_310_33,17838301,
seq_310_34,18557229,
seq_310_35,18267212,
seq_310_36,20334118,
seq_310_37,19312648,
seq_310_38,17005539,
seq_310_39,17972222,
seq_310_40,17967446,
seq_310_41,17594235,
seq_310_42,19060595,
seq_310_43,18722707,
seq_310_44,18511904,
seq_310_45,16748602,
seq_310_46,17369404,
seq_310_47,18175825,
seq_310_48,17569105,
seq_310_49,18041719,
seq_310_50,19154659,
seq_310_51,17423437,
seq_310_52,18119998,
seq_310_53,17473905,
seq_310_54,18072241,
seq_310_55,18568511,
seq_310_56,17952496,
seq_310_57,19310769,
seq_310_58,17699540,
seq_310_59,18003204,
seq_310_60,18203991,
seq_310_61,17784030,
seq_310_62,17741713,
seq_310_63,18987464,
seq_310_64,17330899,
seq_310_65,17984376,
seq_310_66,17885882,
seq_310_67,18345464,
seq_310_68,17328650,
seq_310_69,18307459,
seq_310_70,18601105,
seq_310_71,17222967,
seq_310_72,17910601,
seq_310_73,18656883,
seq_310_74,17647130,
seq_310_75,17888993,
seq_310_76,17957361,
seq_310_77,18396976,
seq_310_78,18082700,
seq_310_79,17883915,
seq_310_80,18150220,
seq_310_81,17423358,
seq_310_82,17628401,
seq_310_83,17352576,
seq_310_84,18188838,
seq_310_85,17985681,
seq_310_86,18066826,
seq_310_87,18525760,
seq_310_88,17859765,
seq_310_89,17985387,
seq_310_90,18100104,
seq_310_91,18053469,
seq_310_92,18795520,
seq_310_93,17526721,
seq_310_94,18527111,
seq_310_95,17806814,
seq_310_96,18347534,
seq_310_97,19038516,
seq_310_98,17386022,
seq_310_99,18497154,
seq_320_0,20012141,
seq_320_1,19713685,
seq_320_2,19291511,
seq_320_3,19536880,
seq_320_4,19779754,
seq_320_5,20144970,
seq_320_6,19826595,
seq_320_7,18924894,
seq_320_8,18574130,
seq_320_9,19895826,
seq_320_10,19563126,
seq_320_11,19205442,
seq_320_12,20182629,
seq_320_13,19433137,
seq_320_14,19396966,
seq_320_15,19971821,
seq_320_16,19994769,
seq_320_17,19558356,
seq_320_18,19673779,
seq_320_19,19453479,
seq_320_20,20497049,
seq_320_21,20259451,
seq_320_22,20456652,
seq_320_23,20354157,
seq_320_24,19919613,
seq_320_25,22185481,
seq_320_26,19684065,
seq_320_27,20245928,
seq_320_28,19692040,
seq_320_29,20168756,
seq_320_30,20220427,
seq_320_31,20522989,
seq_320_32,19221690,
seq_320_33,19522270,
seq_320_34,19872423,
seq_320_35,19968564,
seq_320_36,19456326,
seq_320_37,20115397,
seq_320_38,18942181,
seq_320_39,19899382,
seq_320_40,19480559,
seq_320_41,20103553,
seq_320_42,19632012,
seq_320_43,19812645,
seq_320_44,20164207,
seq_320_45,19561761,
seq_320_46,19083007,
seq_320_47,20116764,
seq_320_48,19243751,
seq_320_49,19737383,
seq_320_50,19679812,
seq_320_51,19889059,
seq_320_52,19030590,
seq_320_53,20486708,
seq_320_54,18958618,
seq_320_55,19056666,
seq_320_56,19854026,
seq_320_57,21176163,
seq_320_58,19509748,
seq_320_59,19829658,
seq_320_60,19485929,
seq_320_61,19962180,
seq_320_62,19457718,
seq_320_63,20341734,
seq_320_64,19030317,
seq_320_65,19746029,
seq_320_66,22163575,
seq_320_67,20611480,
seq_320_68,19278395,
seq_320_69,19702671,
seq_320_70,20448035,
seq_320_71,19310206,
seq_320_72,20643728,
seq_320_73,19251051,
seq_320_74,19561365,
seq_320_75,19869565,
seq_320_76,20194704,
seq_320_77,20658049,
seq_320_78,20303871,
seq_320_79,20359262,
seq_320_80,19785305,
seq_320_81,19601817,
seq_320_82,19264189,
seq_320_83,20699839,
seq_320_84,20974708,
seq_320_85,19902824,
seq_320_86,18989116,
seq_320_87,19522672,
seq_320_88,21224510,
seq_320_89,19618125,
seq_320_90,20392192,
seq_320_91,20528733,
seq_320_92,19229195,
seq_320_93,19395067,
seq_320_94,19096638,
seq_320_95,20104697,
seq_320_96,20046235,
seq_320_97,20175314,
seq_320_98,19168808,
seq_320_99,21082165,
seq_330_0,21463441,
seq_330_1,22000014,
seq_330_2,21200967,
seq_330_3,21957778,
seq_330_4,21939940,
seq_330_5,22103730,
seq_330_6,22812292,
seq_330_7,21770947,
seq_330_8,21576839,
seq_330_9,21748228,
seq_330_10,21125210,
seq_330_11,21171987,
seq_330_12,22792080,
seq_330_13,21553931,
seq_330_14,21568900,
seq_330_15,22065486,
seq_330_16,21239105,
seq_330_17,21498599,
seq_330_18,21597587,
seq_330_19,20900049,
seq_330_20,22437166,
seq_330_21,21758762,
seq_330_22,21672770,
seq_330_23,21458549,
seq_330_24,22447201,
seq_330_25,21156985,
seq_330_26,20995492,
seq_330_27,21218045,
seq_330_28,23267819,
seq_330_29,21572633,
seq_330_30,21922323,
seq_330_31,21749544,
seq_330_32,22505646,
seq_330_33,20897385,
seq_330_34,22602514,
seq_330_35,21581337,
seq_330_36,20663443,
seq_330_37,22681690,
seq_330_38,21951437,
seq_330_39,21823152,
seq_330_40,21534163,
seq_330_41,22011525,
seq_330_42,21836785,
seq_330_43,21650490,
seq_330_44,22446003,
seq_330_45,21279569,
seq_330_46,21510802,
seq_330_47,21587791,
seq_330_48,22583855,
seq_330_49,21354213,
seq_330_50,21965401,
seq_330_51,22274336,
seq_330_52,21659625,
seq_330_53,21573646,
seq_330_54,21515620,
seq_330_55,22291313,
seq_330_56,21385443,
seq_330_57,21986415,
seq_330_58,21383692,
seq_330_59,21539522,
seq_330_60,22087336,
seq_330_61,21775499,
seq_330_62,22001793,
seq_330_63,22602797,
seq_330_64,21908581,
seq_330_65,22393678,
seq_330_66,21414935,
seq_330_67,22500401,
seq_330_68,21927052,
seq_330_69,22088555,
seq_330_70,21693273,
seq_330_71,22052396,
seq_330_72,21148209,
seq_330_73,22727118,
seq_330_74,23702913,
seq_330_75,21802236,
seq_330_76,22243428,
seq_330_77,21871687,
seq_330_78,20818394,
seq_330_79,22607216,
seq_330_80,21678548,
seq_330_81,22198090,
seq_330_82,21168114,
seq_330_83,21788697,
seq_330_84,21668416,
seq_330_85,21821400,
seq_330_86,21495727,
seq_330_87,21616788,
seq_330_88,21652667,
seq_330_89,21910261,
seq_330_90,23423625,
seq_330_91,22969417,
seq_330_92,20652255,
seq_330_93,21298636,
seq_330_94,21691853,
seq_330_95,22088696,
seq_330_96,21071014,
seq_330_97,21583447,
seq_330_98,21861281,
seq_330_99,21877816,
seq_340_0,23156917,
seq_340_1,23903535,
seq_340_2,23548906,
seq_340_3,22968503,
seq_340_4,23654738,
seq_340_5,24027753,
seq_340_6,25185275,
seq_340_7,23824487,
seq_340_8,22849934,
seq_340_9,24645708,
seq_340_10,23418228,
seq_340_11,23179979,
seq_340_12,22893713,
seq_340_13,23293733,
seq_340_14,24130632,
seq_340_15,24099364,
seq_340_16,24233160,
seq_340_17,23101463,
seq_340_18,24230139,
seq_340_19,24318645,
seq_340_20,24213254,
seq_340_21,23052075,
seq_340_22,22919406,
seq_340_23,23661635,
seq_340_24,23642005,
seq_340_25,24173116,
seq_340_26,24188495,
seq_340_27,23290200,
seq_340_28,22860166,
seq_340_29,24263698,
seq_340_30,23023572,
seq_340_31,22581417,
seq_340_32,24865510,
seq_340_33,24360287,
seq_340_34,24605753,
seq_340_35,22663425,
seq_340_36,23840768,
seq_340_37,23805625,
seq_340_38,24030186,
seq_340_39,22854688,
seq_340_40,23424760,
seq_340_41,24040745,
seq_340_42,24751151,
seq_340_43,24479193,
seq_340_44,23703902,
seq_340_45,27537758,
seq_340_46,23938229,
seq_340_47,23970397,
seq_340_48,24123210,
seq_340_49,24739300,
seq_340_50,24395269,
seq_340_51,23667514,
seq_340_52,23308456,
seq_340_53,24778657,
seq_340_54,24025715,
seq_340_55,23418017,
seq_340_56,25339681,
seq_340_57,24574765,
seq_340_58,23299860,
seq_340_59,22936804,
seq_340_60,23391804,
seq_340_61,23376483,
seq_340_62,23714941,
seq_340_63,24350891,
seq_340_64,23206458,
seq_340_65,23075955,
seq_340_66,22865122,
seq_340_67,23352246,
seq_340_68,23308633,
seq_340_69,24250232,
seq_340_70,26163041,
seq_340_71,23466672,
seq_340_72,25687698,
seq_340_73,24412708,
seq_340_74,23659356,
seq_340_75,23605168,
seq_340_76,24291031,
seq_340_77,23649839,
seq_340_78,25136636,
seq_340_79,23076326,
seq_340_80,24123599,
seq_340_81,23101239,
seq_340_82,23442625,
seq_340_83,23987170,
seq_340_84,23916069,
seq_340_85,24262386,
seq_340_86,23303948,
seq_340_87,23520549,
seq_340_88,23737124,
seq_340_89,24922328,
seq_340_90,23783741,
seq_340_91,24034336,
seq_340_92,23955645,
seq_340_93,23373391,
seq_340_94,24533827,
seq_340_95,22433188,
seq_340_96,23799837,
seq_340_97,23780612,
seq_340_98,23563211,
seq_340_99,22803543,
seq_350_0,25020114,
seq_350_1,25850923,
seq_350_2,26938445,
seq_350_3,25716294,
seq_350_4,26516321,
seq_350_5,25744395,
seq_350_6,25846665,
seq_350_7,26354892,
seq_350_8,27795197,
seq_350_9,25283023,
seq_350_10,25899653,
seq_350_11,27538654,
seq_350_12,26765121,
seq_350_13,25791711,
seq_350_14,26365801,
seq_350_15,25867853,
seq_350_16,26541064,
seq_350_17,26771602,
seq_350_18,26034535,
seq_350_19,26496792,
seq_350_20,25622905,
seq_350_21,27332450,
seq_350_22,26247307,
seq_350_23,26574295,
seq_350_24,27077022,
seq_350_25,24982861,
seq_350_26,25952804,
seq_350_27,25977837,
seq_350_28,26637444,
seq_350_29,25335270,
seq_350_30,26792087,
seq_350_31,25113055,
seq_350_32,25650106,
seq_350_33,25780428,
seq_350_34,26167252,
seq_350_35,26580096,
seq_350_36,27059993,
seq_350_37,25336820,
seq_350_38,26170208,
seq_350_39,26892368,
seq_350_40,28432660,
seq_350_41,25087859,
seq_350_42,26225556,
seq_350_43,24505590,
seq_350_44,25698545,
seq_350_45,27465301,
seq_350_46,27700758,
seq_350_47,25622820,
seq_350_48,26974373,
seq_350_49,25660768,
seq_350_50,27068017,
seq_350_51,26793755,
seq_350_52,26717672,
seq_350_53,25564629,
seq_350_54,26580294,
seq_350_55,29848718,
seq_350_56,27245379,
seq_350_57,25104004,
seq_350_58,26504759,
seq_350_59,26813064,
seq_350_60,28192861,
seq_350_61,25698716,
seq_350_62,25134453,
seq_350_63,26366038,
seq_350_64,25991204,
seq_350_65,26208153,
seq_350_66,26389993,
seq_350_67,25843656,
seq_350_68,27111121,
seq_350_69,25971693,
seq_350_70,27012404,
seq_350_71,25492466,
seq_350_72,26871296,
seq_350_73,24597722,
seq_350_74,25407900,
seq_350_75,26812804,
seq_350_76,26033157,
seq_350_77,26536985,
seq_350_78,24865816,
seq_350_79,26568567,
seq_350_80,26391220,
seq_350_81,26153470,
seq_350_82,25858881,
seq_350_83,25536444,
seq_350_84,25541166,
seq_350_85,26098197,
seq_350_86,26097042,
seq_350_87,26154880,
seq_350_88,27033812,
seq_350_89,25859026,
seq_350_90,25417055,
seq_350_91,25086664,
seq_350_92,26536615,
seq_350_93,25436541,
seq_350_94,26684707,
seq_350_95,25184817,
seq_350_96,25631845,
seq_350_97,25588268,
seq_350_98,27242775,
seq_350_99,25629118,
seq_360_0,31067539,
seq_360_1,28848658,
seq_360_2,29170248,
seq_360_3,26979913,
seq_360_4,29626227,
seq_360_5,28433914,
seq_360_6,30249360,
seq_360_7,28136445,
seq_360_8,29154479,
seq_360_9,27455193,
seq_360_10,28113259,
seq_360_11,27471768,
seq_360_12,30480662,
seq_360_13,27757940,
seq_360_14,28877487,
seq_360_15,29154893,
seq_360_16,28363370,
seq_360_17,28535210,
seq_360_18,29033817,
seq_360_19,28186218,
seq_360_20,27977355,
seq_360_21,27560075,
seq_360_22,27050192,
seq_360_23,27576970,
seq_360_24,27154501,
seq_360_25,27578109,
seq_360_26,28957260,
seq_360_27,28202181,
seq_360_28,28954572,
seq_360_29,28284067,
seq_360_30,30569489,
seq_360_31,27226675,
seq_360_32,29428818,
seq_360_33,27893747,
seq_360_34,29038159,
seq_360_35,30261808,
seq_360_36,30245012,
seq_360_37,29782925,
seq_360_38,28752385,
seq_360_39,27754462,
seq_360_40,26812803,
seq_360_41,30265040,
seq_360_42,28570896,
seq_360_43,27103714,
seq_360_44,28293427,
seq_360_45,27862693,
seq_360_46,28811729,
seq_360_47,28081262,
seq_360_48,28246750,
seq_360_49,28968804,
seq_360_50,27769787,
seq_360_51,27933957,
seq_360_52,28475078,
seq_360_53,29420093,
seq_360_54,27923255,
seq_360_55,28831880,
seq_360_56,29631140,
seq_360_57,26957582,
seq_360_58,31023470,
seq_360_59,27611118,
seq_360_60,28617221,
seq_360_61,28494348,
seq_360_62,28148726,
seq_360_63,27673593,
seq_360_64,27665021,
seq_360_65,26823737,
seq_360_66,32770608,
seq_360_67,27108898,
seq_360_68,26874971,
seq_360_69,28467453,
seq_360_70,28400499,
seq_360_71,28752092,
seq_360_72,28190570,
seq_360_73,27936326,
seq_360_74,29326206,
seq_360_75,27995263,
seq_360_76,27905750,
seq_360_77,27541148,
seq_360_78,27339064,
seq_360_79,28198078,
seq_360_80,28191226,
seq_360_81,26432421,
seq_360_82,28887520,
seq_360_83,28034569,
seq_360_84,28247663,
seq_360_85,27185992,
seq_360_86,29502500,
seq_360_87,27895900,
seq_360_88,28859678,
seq_360_89,26917762,
seq_360_90,30215373,
seq_360_91,28201008,
seq_360_92,28686213,
seq_360_93,27259394,
seq_360_94,29482500,
seq_360_95,28211607,
seq_360_96,28156280,
seq_360_97,27007631,
seq_360_98,28150116,
seq_360_99,28393709,
seq_370_0,30805110,
seq_370_1,30729574,
seq_370_2,32082440,
seq_370_3,31123669,
seq_370_4,31537967,
seq_370_5,30795689,
seq_370_6,30484405,
seq_370_7,29398267,
seq_370_8,31650303,
seq_370_9,29358099,
seq_370_10,30367654,
seq_370_11,30022271,
seq_370_12,31601313,
seq_370_13,28974253,
seq_370_14,31222137,
seq_370_15,31496422,
seq_370_16,30616113,
seq_370_17,29137093,
seq_370_18,30648700,
seq_370_19,29919990,
seq_370_20,30316846,
seq_370_21,31078048,
seq_370_22,34164823,
seq_370_23,29642298,
seq_370_24,31494494,
seq_370_25,30635765,
seq_370_26,31354479,
seq_370_27,30148812,
seq_370_28,32197603,
seq_370_29,30237504,
seq_370_30,31459788,
seq_370_31,31980654,
seq_370_32,32395773,
seq_370_33,29876683,
seq_370_34,30579198,
seq_370_35,31795036,
seq_370_36,31447048,
seq_370_37,32019993,
seq_370_38,30914751,
seq_370_39,30233036,
seq_370_40,30328122,
seq_370_41,30147170,
seq_370_42,32796232,
seq_370_43,29548838,
seq_370_44,32558161,
seq_370_45,30676748,
seq_370_46,31507404,
seq_370_47,30791933,
seq_370_48,30968671,
seq_370_49,30638793,
seq_370_50,31454640,
seq_370_51,29163987,
seq_370_52,31477193,
seq_370_53,29421511,
seq_370_54,37369920,
seq_370_55,30422888,
seq_370_56,32388221,
seq_370_57,30883939,
seq_370_58,31862265,
seq_370_59,30445702,
seq_370_60,31215245,
seq_370_61,29941461,
seq_370_62,30375528,
seq_370_63,34111043,
seq_370_64,34269657,
seq_370_65,29528832,
seq_370_66,31094121,
seq_370_67,31152976,
seq_370_68,31629852,
seq_370_69,30460112,
seq_370_70,30102330,
seq_370_71,31525345,
seq_370_72,30009939,
seq_370_73,29762788,
seq_370_74,31345798,
seq_370_75,29564119,
seq_370_76,30363816,
seq_370_77,30945896,
seq_370_78,34887659,
seq_370_79,30181047,
seq_370_80,30865176,
seq_370_81,29891514,
seq_370_82,31099611,
seq_370_83,31617611,
seq_370_84,30906494,
seq_370_85,29963502,
seq_370_86,31238733,
seq_370_87,30473002,
seq_370_88,32320931,
seq_370_89,29904829,
seq_370_90,31277254,
seq_370_91,29948712,
seq_370_92,30652771,
seq_370_93,31700727,
seq_370_94,30974624,
seq_370_95,30252851,
seq_370_96,31836287,
seq_370_97,30050501,
seq_370_98,30790831,
seq_370_99,30334804,
seq_380_0,33709577,
seq_380_1,32313339,
seq_380_2,37089746,
seq_380_3,32691226,
seq_380_4,32751252,
seq_380_5,32404311,
seq_380_6,33853560,
seq_380_7,33533433,
seq_380_8,36644450,
seq_380_9,31988078,
seq_380_10,32842220,
seq_380_11,33610744,
seq_380_12,36123388,
seq_380_13,34523665,
seq_380_14,32878912,
seq_380_15,35672209,
seq_380_16,33517410,
seq_380_17,33354996,
seq_380_18,32906465,
seq_380_19,33331906,
seq_380_20,37700669,
seq_380_21,36553254,
seq_380_22,32757266,
seq_380_23,33354607,
seq_380_24,34427723,
seq_380_25,33006945,
seq_380_26,35669815,
seq_380_27,35289750,
seq_380_28,33144555,
seq_380_29,33107215,
seq_380_30,32231278,
seq_380_31,35033146,
seq_380_32,33362501,
seq_380_33,32763001,
seq_380_34,33674180,
seq_380_35,32815935,
seq_380_36,35159051,
seq_380_37,33054674,
seq_380_38,35903575,
seq_380_39,31864599,
seq_380_40,33038245,
seq_380_41,34966646,
seq_380_42,33303361,
seq_380_43,34666629,
seq_380_44,32298164,
seq_380_45,34460940,
seq_380_46,33095547,
seq_380_47,36270025,
seq_380_48,32603438,
seq_380_49,35327633,
seq_380_50,33406381,
seq_380_51,35874023,
seq_380_52,32473636,
seq_380_53,34138605,
seq_380_54,32456794,
seq_380_55,34615227,
seq_380_56,32728910,
seq_380_57,35373634,
seq_380_58,33286617,
seq_380_59,33845927,
seq_380_60,31813304,
seq_380_61,32306393,
seq_380_62,31241726,
seq_380_63,34764885,
seq_380_64,32883761,
seq_380_65,34098067,
seq_380_66,33216628,
seq_380_67,33195355,
seq_380_68,32176191,
seq_380_69,33460157,
seq_380_70,32794960,
seq_380_71,35057628,
seq_380_72,33171617,
seq_380_73,35128322,
seq_380_74,32547102,
seq_380_75,32569596,
seq_380_76,33736513,
seq_380_77,35151131,
seq_380_78,31498604,
seq_380_79,32865791,
seq_380_80,32698945,
seq_380_81,34036078,
seq_380_82,33772968,
seq_380_83,33567473,
seq_380_84,32869759,
seq_380_85,32803553,
seq_380_86,32745360,
seq_380_87,34944412,
seq_380_88,33018789,
seq_380_89,33671079,
seq_380_90,33852708,
seq_380_91,35318675,
seq_380_92,35021326,
seq_380_93,34496559,
seq_380_94,33155813,
seq_380_95,32750460,
seq_380_96,32628850,
seq_380_97,33065023,
seq_380_98,33557263,
seq_380_99,31968503,
seq_390_0,37906529,
seq_390_1,37280350,
seq_390_2,36240809,
seq_390_3,36554468,
seq_390_4,35366343,
seq_390_5,38902721,
seq_390_6,37356529,
seq_390_7,36744145,
seq_390_8,34493126,
seq_390_9,36606253,
seq_390_10,36873550,
seq_390_11,35407296,
seq_390_12,36286304,
seq_390_13,37739322,
seq_390_14,38053099,
seq_390_15,35536076,
seq_390_16,36339809,
seq_390_17,36944408,
seq_390_18,35807124,
seq_390_19,37054169,
seq_390_20,35906313,
seq_390_21,39677892,
seq_390_22,36729159,
seq_390_23,37997423,
seq_390_24,35427779,
seq_390_25,37405574,
seq_390_26,36486413,
seq_390_27,35996364,
seq_390_28,34851804,
seq_390_29,35286017,
seq_390_30,36168368,
seq_390_31,36243580,
seq_390_32,34643416,
seq_390_33,37507212,
seq_390_34,36547876,
seq_390_35,35196096,
seq_390_36,35876898,
seq_390_37,38494856,
seq_390_38,34495110,
seq_390_39,37974415,
seq_390_40,34588047,
seq_390_41,35241355,
seq_390_42,36317157,
seq_390_43,38612390,
seq_390_44,35020424,
seq_390_45,36044609,
seq_390_46,35473078,
seq_390_47,36846495,
seq_390_48,35566689,
seq_390_49,35417450,
seq_390_50,36204543,
seq_390_51,39374035,
seq_390_52,36687242,
seq_390_53,35652631,
seq_390_54,35627345,
seq_390_55,36446639,
seq_390_56,38589705,
seq_390_57,36904442,
seq_390_58,37923248,
seq_390_59,37939298,
seq_390_60,36193366,
seq_390_61,35610798,
seq_390_62,36513752,
seq_390_63,37489938,
seq_390_64,38409908,
seq_390_65,36174458,
seq_390_66,35993942,
seq_390_67,37721355,
seq_390_68,35245119,
seq_390_69,36159551,
seq_390_70,35802966,
seq_390_71,37036243,
seq_390_72,36763553,
seq_390_73,35448233,
seq_390_74,34811103,
seq_390_75,36621762,
seq_390_76,36413170,
seq_390_77,37377102,
seq_390_78,35485875,
seq_390_79,37092625,
seq_390_80,35860014,
seq_390_81,36102812,
seq_390_82,35951153,
seq_390_83,35723705,
seq_390_84,35270381,
seq_390_85,36678184,
seq_390_86,37060657,
seq_390_87,35323576,
seq_390_88,36020710,
seq_390_89,36060157,
seq_390_90,36586134,
seq_390_91,35361237,
seq_390_92,35325433,
seq_390_93,36631094,
seq_390_94,36882470,
seq_390_95,36134937,
seq_390_96,38309875,
seq_390_97,36129303,
seq_390_98,36846023,
seq_390_99,35531594,
seq_400_0,38118319,
seq_400_1,39405046,
seq_400_2,40452227,
seq_400_3,39391773,
seq_400_4,38860340,
seq_400_5,38055510,
seq_400_6,40263985,
seq_400_7,38675018,
seq_400_8,38746221,
seq_400_9,40276083,
seq_400_10,38205236,
seq_400_11,40002155,
seq_400_12,38717057,
seq_400_13,38760369,
seq_400_14,38250949,
seq_400_15,40098842,
seq_400_16,40001486,
seq_400_17,40769909,
seq_400_18,40214239,
seq_400_19,39749606,
seq_400_20,38782168,
seq_400_21,38943220,
seq_400_22,41172886,
seq_400_23,38763443,
seq_400_24,39206070,
seq_400_25,39613356,
seq_400_26,39121122,
seq_400_27,39263863,
seq_400_28,42867351,
seq_400_29,37796316,
seq_400_30,41766647,
seq_400_31,38721957,
seq_400_32,40360234,
seq_400_33,39544351,
seq_400_34,40008452,
seq_400_35,42132177,
seq_400_36,37409506,
seq_400_37,39969920,
seq_400_38,41493480,
seq_400_39,38795402,
seq_400_40,38917565,
seq_400_41,40336569,
seq_400_42,40116385,
seq_400_43,38666483,
seq_400_44,38409921,
seq_400_45,39755950,
seq_400_46,39104465,
seq_400_47,38478921,
seq_400_48,39913852,
seq_400_49,40612044,
seq_400_50,38460987,
seq_400_51,40632980,
seq_400_52,37918046,
seq_400_53,39318719,
seq_400_54,38456529,
seq_400_55,38154454,
seq_400_56,39166385,
seq_400_57,38917118,
seq_400_58,38625684,
seq_400_59,39948652,
seq_400_60,39168188,
seq_400_61,39035510,
seq_400_62,40786554,
seq_400_63,39153028,
seq_400_64,39102736,
seq_400_65,38935088,
seq_400_66,38694102,
seq_400_67,38769324,
seq_400_68,44982308,
seq_400_69,38522080,
seq_400_70,38302904,
seq_400_71,40204653,
seq_400_72,39596978,
seq_400_73,40377785,
seq_400_74,43977523,
seq_400_75,41665270,
seq_400_76,40394081,
seq_400_77,40606568,
seq_400_78,39295170,
seq_400_79,40350760,
seq_400_80,38571092,
seq_400_81,38328754,
seq_400_82,39245961,
seq_400_83,39625204,
seq_400_84,38901610,
seq_400_85,39413970,
seq_400_86,41512279,
seq_400_87,38706227,
seq_400_88,39680595,
seq_400_89,43432397,
seq_400_90,39182991,
seq_400_91,38920342,
seq_400_92,38162559,
seq_400_93,43208094,
seq_400_94,39797951,
seq_400_95,38544690,
seq_400_96,37874699,
seq_400_97,37629010,
seq_400_98,39604015,
seq_400_99,42490763,
